title,abbr,key,category,parent,parent_key,description,url,jurisdiction,jurisdiction_code,source,source_url,address,contact,email,tags,created_at,updated_at
Asia New Zealand Foundation,A2F,nz/a2f,,,,,http://www.asianz.org.nz,New Zealand,NZ,fyi.org.nz,,,,,,2010-01-26,2010-03-23
Accident Compensation Corporation,ACC,nz/acc,,,,,http://www.acc.co.nz/,New Zealand,NZ,fyi.org.nz,,,,,popular_agency,2010-01-26,2013-04-20
Accounting Standards Review Board,,nz/accounting-standards-review-board,,,,,http://www.asrb.co.nz/,New Zealand,NZ,fyi.org.nz,,,,,,2010-01-26,2010-03-23
ACG Strathallan,,nz/acg-strathallan,,,,,http://www.acgedu.com,New Zealand,NZ,fyi.org.nz,,,,,,2012-04-28,2012-04-28
ACG Sunderland,,nz/acg-sunderland,,,,,http://www.acgedu.com/,New Zealand,NZ,fyi.org.nz,,,,,,2012-04-28,2012-04-28
Auckland Council Investments Limited,ACIL,nz/acil,,,,,http://www.aucklandcouncil.govt.nz/EN/ABOUTCOUNCIL/HOWCOUNCILWORKS/CCO/Pages/council_investments.aspx,New Zealand,NZ,fyi.org.nz,,,,,,2012-03-14,2012-03-14
Animal Control Products Limited,ACP,nz/acp,,,,,http://www.pestoff.co.nz/,New Zealand,NZ,fyi.org.nz,,,,,,2010-01-26,2010-03-23
Agricultural and Marketing Research and Development Trust,AGMARDT,nz/agmardt,,,,,http://www.agmardt.org.nz/,New Zealand,NZ,fyi.org.nz,,,,,,2010-01-26,2010-03-23
AgResearch Limited,,nz/agresearch-limited,,,,,http://www.agresearch.co.nz/,New Zealand,NZ,fyi.org.nz,,,,,,2010-01-26,2010-03-23
Animal Health Board,AHB,nz/ahb,,,,,http://www.ahb.org.nz/,New Zealand,NZ,fyi.org.nz,,,,,,2011-06-08,2011-06-08
Airways Corporation of New Zealand Limited,AIR,nz/air,,,,,http://www.airways.co.nz/,New Zealand,NZ,fyi.org.nz,,,,,,2010-01-26,2010-03-23
Air New Zealand,,nz/air-new-zealand,,,,,http://www.airnewzealand.co.nz/,New Zealand,NZ,fyi.org.nz,,,,,,2010-01-26,2013-01-29
Alcohol Advisory Council of New Zealand,ALAC,nz/alac,,,,,http://www.alcohol.org.nz/,New Zealand,NZ,fyi.org.nz,,,,,,2010-01-26,2010-03-23
Ambury Park Centre for Riding Therapy,,nz/ambury-park-centre-for-riding-therapy,,,,,http://www.amburyparkcentre.org.nz/,New Zealand,NZ,fyi.org.nz,,,,,,2012-04-28,2012-04-28
Aoraki Polytechnic,,nz/aoraki-polytechnic,,,,,http://www.aoraki.ac.nz/,New Zealand,NZ,fyi.org.nz,,,,,,2010-01-26,2010-03-23
Auckland Regional Council,ARC,nz/arc,,,,,http://www.arc.govt.nz/,New Zealand,NZ,fyi.org.nz,,,,,,2010-01-26,2010-03-23
Archives New Zealand Te Rua Mahara o te Kāwanatanga,,nz/archives-new-zealand-te-rua-mahara-o-te-kwanatanga,,,,,http://www.archives.govt.nz,New Zealand,NZ,fyi.org.nz,,,,,,2010-01-26,2010-03-23
Arts Council of New Zealand Toi Aotearoa,,nz/arts-council-of-new-zealand-toi-aotearoa,,,,,http://www.creativenz.govt.nz/,New Zealand,NZ,fyi.org.nz,,,,,,2010-01-26,2010-03-23
Ashburton District Council,,nz/ashburton-district-council,,,,,http://www.ashburtondc.govt.nz,New Zealand,NZ,fyi.org.nz,,,,,district_council,2010-01-26,2010-03-23
Associate Minister for Climate Change Issues,,nz/associate-minister-for-climate-change-issues,,,,,http://www.ministers.govt.nz,New Zealand,NZ,fyi.org.nz,,,,,,2012-05-07,2012-05-07
Associate Minister for Primary Industries,,nz/associate-minister-for-primary-industries,,,,,http://www.ministers.govt.nz,New Zealand,NZ,fyi.org.nz,,,,,,2012-05-07,2012-05-07
Associate Minister of ACC,,nz/associate-minister-of-acc,,,,,http://www.ministers.govt.nz,New Zealand,NZ,fyi.org.nz,,,,,minister,2012-05-07,2013-04-20
Associate Minister of Canterbury Earthquake Recovery,,nz/associate-minister-of-canterbury-earthquake-recovery,,,,,http://www.ministers.govt.nz,New Zealand,NZ,fyi.org.nz,,,,,minister,2012-05-07,2012-05-07
Associate Minister of Commerce,,nz/associate-minister-of-commerce,,,,,http://www.ministers.govt.nz,New Zealand,NZ,fyi.org.nz,,,,,minister,2012-05-07,2013-04-20
Associate Minister of Conservation,,nz/associate-minister-of-conservation,,,,,http://www.ministers.govt.nz,New Zealand,NZ,fyi.org.nz,,,,,minister,2012-05-07,2013-04-20
Associate Minister of Corrections,,nz/associate-minister-of-corrections,,,,,http://www.ministers.govt.nz,New Zealand,NZ,fyi.org.nz,,,,,minister,2012-05-07,2013-04-20
Associate Minister of Education,,nz/associate-minister-of-education,,,,,http://www.ministers.govt.nz,New Zealand,NZ,fyi.org.nz,,,,,minister,2012-05-07,2013-04-20
Associate Minister of Finance,,nz/associate-minister-of-finance,,,,,http://www.ministers.govt.nz,New Zealand,NZ,fyi.org.nz,,,,,minister,2012-05-07,2012-05-07
Associate Minister of Foreign Affairs,,nz/associate-minister-of-foreign-affairs,,,,,http://www.ministers.govt.nz,New Zealand,NZ,fyi.org.nz,,,,,minister,2012-05-07,2012-05-07
Associate Minister of Health,,nz/associate-minister-of-health,,,,,http://www.ministers.govt.nz,New Zealand,NZ,fyi.org.nz,,,,,minister,2012-05-07,2012-05-07
Associate Minister of Housing,,nz/associate-minister-of-housing,,,,,http://www.ministers.govt.nz,New Zealand,NZ,fyi.org.nz,,,,,minister,2012-05-07,2012-05-07
Associate Minister of Immigration,,nz/associate-minister-of-immigration,,,,,http://www.ministers.govt.nz,New Zealand,NZ,fyi.org.nz,,,,,minister,2012-05-07,2012-05-07
Associate Minister of Justice,,nz/associate-minister-of-justice,,,,,http://www.ministers.govt.nz,New Zealand,NZ,fyi.org.nz,,,,,minister,2012-05-07,2012-05-07
Associate Minister of Social Development,,nz/associate-minister-of-social-development,,,,,http://www.ministers.govt.nz,New Zealand,NZ,fyi.org.nz,,,,,minister,2012-05-07,2012-05-07
"Associate Minister of Tertiary Education, Skills and Employment",,nz/associate-minister-of-tertiary-education-skills-and-employment,,,,,http://www.ministers.govt.nz,New Zealand,NZ,fyi.org.nz,,,,,minister,2012-05-07,2012-05-07
Associate Minister of Tourism,,nz/associate-minister-of-tourism,,,,,http://www.ministers.govt.nz,New Zealand,NZ,fyi.org.nz,,,,,minister,2012-05-07,2012-05-07
Associate Minister of Transport,,nz/associate-minister-of-transport,,,,,http://www.ministers.govt.nz,New Zealand,NZ,fyi.org.nz,,,,,minister,2012-05-07,2013-04-01
AsureQuality Limited,,nz/asurequality-limited,,,,,http://www.asurequality.com/,New Zealand,NZ,fyi.org.nz,,,,,,2010-01-26,2010-03-23
Auckland City Council,,nz/auckland-city-council,,,,,http://www.aucklandcity.govt.nz/,New Zealand,NZ,fyi.org.nz,,,,,city_council,2010-01-26,2011-04-04
Auckland Council,,nz/auckland-council,,,,,http://aucklandcouncil.govt.nz,New Zealand,NZ,fyi.org.nz,,,,,popular_agency city_council,2011-04-04,2013-04-20
Auckland District Health Board,,nz/auckland-district-health-board,,,,,http://www.adhb.govt.nz,New Zealand,NZ,fyi.org.nz,,,,,dhb,2010-01-26,2012-08-03
Auckland Transport,,nz/auckland-transport,,,,,http://www.aucklandtransport.govt.nz/,New Zealand,NZ,fyi.org.nz,,,,,,2012-06-05,2012-06-05
Auckland University of Technology,,nz/auckland-university-of-technology,,,,,http://www.aut.ac.nz,New Zealand,NZ,fyi.org.nz,,,,,university,2010-01-26,2010-03-23
Auckland/Waikato Fish and Game Council,,nz/aucklandwaikato-fish-and-game-council,,,,,http://www.fishandgame.org.nz/Site/Regions/Auckland/default.aspx,New Zealand,NZ,fyi.org.nz,,,,,,2010-01-26,2010-03-23
Bay of Plenty District Health Board,,nz/bay-of-plenty-district-health-board,,,,,http://www.bopdhb.govt.nz,New Zealand,NZ,fyi.org.nz,,,,,dhb,2010-01-26,2013-01-28
Bay of Plenty Polytechnic,,nz/bay-of-plenty-polytechnic,,,,,http://www.boppoly.ac.nz,New Zealand,NZ,fyi.org.nz,,,,,,2010-01-26,2010-03-23
Bay of Plenty Regional Council,,nz/bay-of-plenty-regional-council,,,,,http://www.envbop.govt.nz,New Zealand,NZ,fyi.org.nz,,,,,,2010-01-26,2010-03-23
Broadcasting Commission,,nz/broadcasting-commission,,,,,http://www.nzonair.govt.nz,New Zealand,NZ,fyi.org.nz,,,,,,2010-01-26,2010-03-23
Broadcasting Standards Authority,BSA,nz/bsa,,,,,http://www.bsa.govt.nz/,New Zealand,NZ,fyi.org.nz,,,,,,2010-01-26,2010-03-23
Buller District Council,,nz/buller-district-council,,,,,http://www.bullerdc.govt.nz,New Zealand,NZ,fyi.org.nz,,,,,district_council,2010-01-26,2010-03-23
Civil Aviation Authority of New Zealand,CAA,nz/caa,,,,,http://www.caa.govt.nz,New Zealand,NZ,fyi.org.nz,,,,,,2010-01-26,2010-03-23
Christchurch Agency for Energy,CAFE,nz/cafe,,,,,http://www.cafe.gen.nz,New Zealand,NZ,fyi.org.nz,,,,,,2012-11-10,2012-11-10
Canterbury District Health Board,,nz/canterbury-district-health-board,,,,,http://www.cdhb.govt.nz,New Zealand,NZ,fyi.org.nz,,,,,dhb,2010-01-26,2010-03-23
Canterbury Earthquake Heritage Building Fund Trust,,nz/canterbury-earthquake-heritage-building-fund-trust,,,,,http://www.ccc.govt.nz,New Zealand,NZ,fyi.org.nz,,,,,,2012-11-10,2012-11-10
Career Services,,nz/career-services,,,,,http://www.careers.govt.nz,New Zealand,NZ,fyi.org.nz,,,,,,2010-01-26,2010-03-23
Christchurch City Council,CCC,nz/ccc,,,,,http://www.ccc.govt.nz/,New Zealand,NZ,fyi.org.nz,,,,,city_council,2010-01-26,2010-03-23
Capital and Coast District Health Board,CCDHB,nz/ccdhb,,,,,http://www.ccdhb.org.nz,New Zealand,NZ,fyi.org.nz,,,,,dhb,2010-01-26,2012-04-04
Carterton District Council,CDC,nz/cdc,,,,,http://www.cartertondc.co.nz/,New Zealand,NZ,fyi.org.nz,,,,,district_council,2010-01-26,2012-04-02
Central Hawke's Bay District Council,,nz/central-hawkes-bay-district-council,,,,,http://www.chbdc.govt.nz/,New Zealand,NZ,fyi.org.nz,,,,,district_council,2010-01-26,2010-03-23
Central Otago District Council,,nz/central-otago-district-council,,,,,http://www.codc.govt.nz,New Zealand,NZ,fyi.org.nz,,,,,district_council,2010-01-26,2010-03-23
Central Plains Water Trust,,nz/central-plains-water-trust,,,,,http://www.xtra.co.nz,New Zealand,NZ,fyi.org.nz,,,,,,2012-11-10,2012-11-10
Central South Island Fish and Game Council,,nz/central-south-island-fish-and-game-council,,,,,http://www.fishandgame.org.nz/Site/Regions/CSI/default.aspx,New Zealand,NZ,fyi.org.nz,,,,,,2010-01-26,2010-03-23
Canterbury Earthquake Recovery Authority,CERA,nz/cera,,,,,http://www.cera.govt.nz/,New Zealand,NZ,fyi.org.nz,,,,,,2011-05-26,2011-05-26
Charities Commission,,nz/charities-commission,,,,,http://www.charities.govt.nz/,New Zealand,NZ,fyi.org.nz,,,,,,2010-01-26,2010-03-23
Chatham Islands Council,,nz/chatham-islands-council,,,,,http://www.cic.govt.nz,New Zealand,NZ,fyi.org.nz,,,,,,2010-01-26,2010-03-23
Crown Health Financing Agency,CHFA,nz/chfa,,,,,http://www.rhmu.govt.nz,New Zealand,NZ,fyi.org.nz,,,,,,2010-01-26,2010-03-23
Christchurch City Holdings Ltd,,nz/christchurch-city-holdings-ltd,,,,,http://www.cchl.co.nz,New Zealand,NZ,fyi.org.nz,,,,,,2012-11-10,2012-11-10
Christchurch International Airport,,nz/christchurch-international-airport,,,,,http://www.cial.co.nz,New Zealand,NZ,fyi.org.nz,,,,,,2012-11-10,2012-11-10
Christchurch Polytechnic Institute of Technology,,nz/christchurch-polytechnic-institute-of-technology,,,,,http://www.cpit.ac.nz,New Zealand,NZ,fyi.org.nz,,,,,,2010-01-26,2010-03-23
City Care Ltd,,nz/city-care-ltd,,,,,http://www.citycare.co.nz,New Zealand,NZ,fyi.org.nz,,,,,,2012-11-10,2012-11-10
Civic Building Ltd,,nz/civic-building-ltd,,,,,http://www.ccc.govt.nz,New Zealand,NZ,fyi.org.nz,,,,,,2012-11-10,2012-11-10
Clutha District Council,,nz/clutha-district-council,,,,,http://www.cluthadc.govt.nz,New Zealand,NZ,fyi.org.nz,,,,,district_council,2010-01-26,2010-03-23
Commerce Commission,,nz/commerce-commission,,,,,http://www.comcom.govt.nz,New Zealand,NZ,fyi.org.nz,,,,,,2010-01-26,2010-03-23
Counties Manukau District Health Board,,nz/counties-manukau-district-health-board,,,,,http://www.cmdhb.org.nz,New Zealand,NZ,fyi.org.nz,,,,,dhb,2010-01-26,2010-03-23
Crown Asset Management Limited,,nz/crown-asset-management-limited,,,,,,New Zealand,NZ,fyi.org.nz,,,,,,2012-04-11,2012-04-11
Crown entity subsidiaries,,nz/crown-entity-subsidiaries,,,,,,New Zealand,NZ,fyi.org.nz,,,,,,2010-01-26,2010-03-23
Crown Law Office,,nz/crown-law-office,,,,,http://www.crownlaw.govt.nz,New Zealand,NZ,fyi.org.nz,,,,,,2010-01-26,2010-03-23
Department of Building and Housing,,nz/department-of-building-and-housing,,,,,http://www.dbh.govt.nz,New Zealand,NZ,fyi.org.nz,,,,,ministry,2010-01-26,2013-05-01
Department of Corrections,,nz/department-of-corrections,,,,,http://www.corrections.govt.nz,New Zealand,NZ,fyi.org.nz,,,,,ministry,2010-01-26,2013-05-01
Deputy Leader of the House,,nz/deputy-leader-of-the-house,,,,,http://www.ministers.govt.nz,New Zealand,NZ,fyi.org.nz,,,,,,2012-05-07,2012-05-07
Deputy Prime Minister,,nz/deputy-prime-minister,,,,,http://www.ministers.govt.nz,New Zealand,NZ,fyi.org.nz,,,,,,2012-05-07,2012-05-07
Department of Internal Affairs,DIA,nz/dia,,,,,http://www.dia.govt.nz/,New Zealand,NZ,fyi.org.nz,,,,,ministry,2010-01-26,2013-05-01
Department of Conservation,DOC,nz/doc,,,,,http://www.doc.govt.nz/,New Zealand,NZ,fyi.org.nz,,,,,ministry,2010-01-26,2013-05-01
Department of Labour,DoL,nz/dol,,,,,http://www.dol.govt.nz,New Zealand,NZ,fyi.org.nz,,,,,popular_agency ministry,2010-01-26,2013-04-20
Department of the Prime Minister and Cabinet,DPMC,nz/dpmc,,,,,http://www.dpmc.govt.nz,New Zealand,NZ,fyi.org.nz,,,,,ministry,2010-01-26,2013-05-01
Dunedin City Council,,nz/dunedin-city-council,,,,,http://www.dunedin.govt.nz/,New Zealand,NZ,fyi.org.nz,,,,,city_council,2010-01-26,2012-03-27
Eastern Fish and Game Council,,nz/eastern-fish-and-game-council,,,,,http://www.fishandgame.org.nz/Site/Regions/Eastern_HawkesBay/default.aspx,New Zealand,NZ,fyi.org.nz,,,,,,2010-01-26,2010-03-23
Canterbury Regional Council,ECAN,nz/ecan,,,,,http://www.ecan.govt.nz/,New Zealand,NZ,fyi.org.nz,,,,,,2010-01-26,2010-03-23
Electricity Corporation of New Zealand Limited,ECNZ,nz/ecnz,,,,,http://www.ccmau.govt.nz/ecnz.html,New Zealand,NZ,fyi.org.nz,,,,,,2010-01-26,2010-03-23
Eco Central Ltd,,nz/eco-central-ltd,,,,,http://www.ecocentral.co.nz,New Zealand,NZ,fyi.org.nz,,,,,,2012-11-10,2012-11-10
Energy Efficiency and Conservation Authority,EECA,nz/eeca,,,,,http://www.eeca.govt.nz,New Zealand,NZ,fyi.org.nz,,,,,,2010-01-26,2010-03-23
Eastern Institute of Technology,EIT,nz/eit,,,,,http://www.eit.ac.nz,New Zealand,NZ,fyi.org.nz,,,,,,2010-01-26,2010-03-23
Electoral Commission,,nz/electoral-commission,,,,,http://www.elections.org.nz/,New Zealand,NZ,fyi.org.nz,,,,,,2010-01-26,2010-03-23
Electricity Commission,,nz/electricity-commission,,,,,http://www.electricitycommission.govt.nz,New Zealand,NZ,fyi.org.nz,,,,,,2010-01-26,2010-03-23
Enable Networks Ltd,,nz/enable-networks-ltd,,,,,http://www.enable.net.nz,New Zealand,NZ,fyi.org.nz,,,,,,2012-11-10,2012-11-10
Environmental Protection Authority,EPA,nz/epa,,,,,http://www.epa.govt.nz/,New Zealand,NZ,fyi.org.nz,,,,,,2010-01-26,2012-04-04
Earthquake Commission,EQC,nz/eqc,,,,,http://www.eqc.govt.nz/,New Zealand,NZ,fyi.org.nz,,,,,,2010-01-26,2010-03-23
Education Review Office,ERO,nz/ero,,,,,http://www.ero.govt.nz,New Zealand,NZ,fyi.org.nz,,,,,,2010-01-26,2010-03-23
Institute of Environmental Science and Research Limited,ESR,nz/esr,,,,,http://www.esr.cri.nz/,New Zealand,NZ,fyi.org.nz,,,,,,2010-01-26,2010-03-23
Families Commission,,nz/families-commission,,,,,http://www.nzfamilies.org.nz,New Zealand,NZ,fyi.org.nz,,,,,,2010-01-26,2010-03-23
Far North District Council,,nz/far-north-district-council,,,,,http://www.fndc.govt.nz/,New Zealand,NZ,fyi.org.nz,,,,,district_council,2010-01-26,2010-03-23
Franklin District Council,,nz/franklin-district-council,,,,,http://www.franklindistrict.co.nz,New Zealand,NZ,fyi.org.nz,,,,,district_council,2010-01-26,2012-04-03
New Zealand Forest Research Institute Limited,FRICRI,nz/fricri,,,,,http://www.scionresearch.com/,New Zealand,NZ,fyi.org.nz,,,,,,2010-01-26,2010-03-23
"Foundation for Research, Science, and Technology",FRST,nz/frst,,,,,http://www.frst.govt.nz,New Zealand,NZ,fyi.org.nz,,,,,,2010-01-26,2010-03-23
Gardens Event Trust,,nz/gardens-event-trust,,,,,http://www.xtra.co.nz,New Zealand,NZ,fyi.org.nz,,,,,,2012-11-10,2012-11-10
Government Communications Security Bureau,GCSB,nz/gcsb,,,,,http://www.gcsb.govt.nz/,New Zealand,NZ,fyi.org.nz,,,,,,2010-01-26,2010-03-23
Gisborne District Council,GDC,nz/gdc,,,,,http://www.gdc.govt.nz,New Zealand,NZ,fyi.org.nz,,,,,district_council,2010-01-26,2012-04-11
Genesis Power Limited,,nz/genesis-power-limited,,,,,http://www.genesisenergy.co.nz/,New Zealand,NZ,fyi.org.nz,,,,,,2010-01-26,2012-03-20
Gore District Council,,nz/gore-district-council,,,,,http://www.goredc.govt.nz,New Zealand,NZ,fyi.org.nz,,,,,district_council,2010-01-26,2010-03-23
Grey District Council,,nz/grey-district-council,,,,,http://www.greydc.govt.nz,New Zealand,NZ,fyi.org.nz,,,,,district_council,2010-01-26,2010-03-23
Government Superannuation Fund Authority,GSFNZ,nz/gsfnz,,,,,http://www.gsfa.govt.nz,New Zealand,NZ,fyi.org.nz,,,,,,2010-01-26,2010-03-23
Guardians of New Zealand Superannuation,,nz/guardians-of-new-zealand-superannuation,,,,,http://www.nzsuperfund.co.nz,New Zealand,NZ,fyi.org.nz,,,,,,2010-01-26,2010-03-23
Hamilton City Council,,nz/hamilton-city-council,,,,,http://www.hamilton.co.nz/,New Zealand,NZ,fyi.org.nz,,,,,city_council,2010-01-26,2010-03-23
Hastings District Council,,nz/hastings-district-council,,,,,http://www.hastingsdc.govt.nz/,New Zealand,NZ,fyi.org.nz,,,,,district_council,2010-01-26,2010-03-23
Hatea-A-Rangi,,nz/hatea-a-rangi,,,,,,New Zealand,NZ,fyi.org.nz,,,,,,2012-04-28,2012-04-28
Hauraki District Council,,nz/hauraki-district-council,,,,,http://www.hauraki-dc.govt.nz,New Zealand,NZ,fyi.org.nz,,,,,district_council,2010-01-26,2010-03-23
Hawke's Bay District Health Board,,nz/hawkes-bay-district-health-board,,,,,http://www.hawkesbaydhb.govt.nz,New Zealand,NZ,fyi.org.nz,,,,,dhb,2010-01-26,2010-03-23
Hawke's Bay Fish and Game Council,,nz/hawkes-bay-fish-and-game-council,,,,,http://www.fishandgame.org.nz/Site/Regions/HawkesBay/default.aspx,New Zealand,NZ,fyi.org.nz,,,,,,2010-01-26,2010-03-23
Hawke's Bay Regional Council,,nz/hawkes-bay-regional-council,,,,,http://www.hbrc.govt.nz,New Zealand,NZ,fyi.org.nz,,,,,,2010-01-26,2010-03-23
Health and Disability Commissioner,,nz/health-and-disability-commissioner,,,,,http://www.hdc.org.nz/,New Zealand,NZ,fyi.org.nz,,,,,,2010-01-26,2010-03-23
Health Sponsorship Council,,nz/health-sponsorship-council,,,,,http://www.hsc.org.nz,New Zealand,NZ,fyi.org.nz,,,,,,2010-01-26,2010-03-23
Housing New Zealand Corporation,HNZC,nz/hnzc,,,,,http://www.hnzc.co.nz/,New Zealand,NZ,fyi.org.nz,,,,,,2010-01-26,2012-12-19
Hon Amy Adams,,nz/hon-amy-adams,,,,,http://www.ministers.govt.nz,New Zealand,NZ,fyi.org.nz,,,,,,2012-05-07,2012-05-07
Hon Anne Tolley,,nz/hon-anne-tolley,,,,,http://www.ministers.govt.nz,New Zealand,NZ,fyi.org.nz,,,,,,2012-05-07,2012-05-07
Hon Bill English,,nz/hon-bill-english,,,,,http://www.ministers.govt.nz,New Zealand,NZ,fyi.org.nz,,,,,,2012-05-07,2012-05-07
Hon Chris Finlayson,,nz/hon-chris-finlayson,,,,,http://www.ministers.govt.nz,New Zealand,NZ,fyi.org.nz,,,,,,2012-05-07,2012-05-07
Hon Chris Tremain,,nz/hon-chris-tremain,,,,,http://www.ministers.govt.nz,New Zealand,NZ,fyi.org.nz,,,,,,2012-05-07,2012-05-07
Hon Craig Foss,,nz/hon-craig-foss,,,,,http://www.ministers.govt.nz,New Zealand,NZ,fyi.org.nz,,,,,,2012-05-07,2012-05-07
Hon David Carter,,nz/hon-david-carter,,,,,http://www.ministers.govt.nz,New Zealand,NZ,fyi.org.nz,,,,,,2012-05-07,2012-05-07
Hon Dr Jonathan Coleman,,nz/hon-dr-jonathan-coleman,,,,,http://www.ministers.govt.nz,New Zealand,NZ,fyi.org.nz,,,,,,2012-05-07,2012-05-07
Hon Dr Pita Sharples,,nz/hon-dr-pita-sharples,,,,,http://www.ministers.govt.nz,New Zealand,NZ,fyi.org.nz,,,,,,2012-05-07,2012-05-07
Hon Gerry Brownlee,,nz/hon-gerry-brownlee,,,,,http://www.ministers.govt.nz,New Zealand,NZ,fyi.org.nz,,,,,,2012-05-07,2012-05-07
Hon Hekia Parata,,nz/hon-hekia-parata,,,,,http://www.ministers.govt.nz,New Zealand,NZ,fyi.org.nz,,,,,,2012-05-07,2012-05-07
Hon Jo Goodhew,,nz/hon-jo-goodhew,,,,,http://www.ministers.govt.nz,New Zealand,NZ,fyi.org.nz,,,,,,2012-05-07,2012-05-07
Hon John Banks,,nz/hon-john-banks,,,,,http://www.ministers.govt.nz,New Zealand,NZ,fyi.org.nz,,,,,,2012-05-07,2012-05-07
Hon John Key,,nz/hon-john-key,,,,,http://www.ministers.govt.nz,New Zealand,NZ,fyi.org.nz,,,,,,2012-05-07,2012-05-07
Hon Kate Wilkinson,,nz/hon-kate-wilkinson,,,,,http://www.ministers.govt.nz,New Zealand,NZ,fyi.org.nz,,,,,,2012-05-07,2012-05-07
Hon Maurice Williamson,,nz/hon-maurice-williamson,,,,,http://www.ministers.govt.nz,New Zealand,NZ,fyi.org.nz,,,,,,2012-05-07,2012-05-07
Hon Murray McCully,,nz/hon-murray-mccully,,,,,http://www.ministers.govt.nz,New Zealand,NZ,fyi.org.nz,,,,,,2012-05-07,2012-05-07
Hon Nathan Guy,,nz/hon-nathan-guy,,,,,http://www.ministers.govt.nz,New Zealand,NZ,fyi.org.nz,,,,,,2012-05-07,2012-05-07
Hon Paula Bennett,,nz/hon-paula-bennett,,,,,http://www.ministers.govt.nz,New Zealand,NZ,fyi.org.nz,,,,,,2012-05-07,2012-05-07
Hon Peter Dunne,,nz/hon-peter-dunne,,,,,http://www.ministers.govt.nz,New Zealand,NZ,fyi.org.nz,,,,,,2012-05-07,2012-05-07
Hon Phil Heatley,,nz/hon-phil-heatley,,,,,http://www.ministers.govt.nz,New Zealand,NZ,fyi.org.nz,,,,,,2012-05-07,2012-05-07
Hon Simon Bridges,,nz/hon-simon-bridges,,,,,http://www.ministers.govt.nz,New Zealand,NZ,fyi.org.nz,,,,,,2012-05-07,2012-05-07
Hon Steven Joyce,,nz/hon-steven-joyce,,,,,http://www.ministers.govt.nz,New Zealand,NZ,fyi.org.nz,,,,,,2012-05-07,2012-05-07
Hon Tariana Turia,,nz/hon-tariana-turia,,,,,http://www.ministers.govt.nz,New Zealand,NZ,fyi.org.nz,,,,,,2012-05-07,2012-05-07
Hon Tim Groser,,nz/hon-tim-groser,,,,,http://www.ministers.govt.nz,New Zealand,NZ,fyi.org.nz,,,,,,2012-05-07,2012-05-07
Hon Tony Ryall,,nz/hon-tony-ryall,,,,,http://www.parliament.govt.nz,New Zealand,NZ,fyi.org.nz,,,,,,2012-05-07,2012-05-07
Horowhenua District Council,,nz/horowhenua-district-council,,,,,http://www.horowhenua.govt.nz,New Zealand,NZ,fyi.org.nz,,,,,district_council,2010-01-26,2010-03-23
Health Research Council of New Zealand,HRC,nz/hrc,,,,,http://www.hrc.govt.nz/,New Zealand,NZ,fyi.org.nz,,,,,,2010-01-26,2010-03-23
Human Rights Commission,,nz/human-rights-commission,,,,,http://www.hrc.co.nz/,New Zealand,NZ,fyi.org.nz,,,,,,2010-01-26,2010-03-23
Hurunui District Council,,nz/hurunui-district-council,,,,,http://www.hurunui.govt.nz/,New Zealand,NZ,fyi.org.nz,,,,,district_council,2010-01-26,2010-03-23
Hutt City Council,,nz/hutt-city-council,,,,,http://www.huttcity.govt.nz/,New Zealand,NZ,fyi.org.nz,,,,,city_council,2010-01-26,2010-03-23
Hutt District Health Board,,nz/hutt-district-health-board,,,,,http://www.huttvalleydhb.org.nz,New Zealand,NZ,fyi.org.nz,,,,,dhb,2010-01-26,2010-03-23
Institute of Geological and Nuclear Sciences Limited,,nz/institute-of-geological-and-nuclear-sciences-limited,,,,,http://www.gns.cri.nz,New Zealand,NZ,fyi.org.nz,,,,,,2010-01-26,2010-03-23
Internal admin authority,,nz/internal-admin-authority,,,,,http://www.gmail.com,New Zealand,NZ,fyi.org.nz,,,,,,2010-02-13,2012-04-10
Invercargill City Council,,nz/invercargill-city-council,,,,,http://www.icc.govt.nz/,New Zealand,NZ,fyi.org.nz,,,,,city_council,2010-01-26,2010-03-23
Independent Police Conduct Authority,IPCA,nz/ipca,,,,,http://www.ipca.govt.nz/,New Zealand,NZ,fyi.org.nz,,,,,,2010-01-26,2010-03-23
Inland Revenue Department,IRD,nz/ird,,,,,http://www.ird.govt.nz,New Zealand,NZ,fyi.org.nz,,,,,ministry,2010-01-26,2012-08-02
Industrial Research Limited,IRL,nz/irl,,,,,http://www.irl.cri.nz/,New Zealand,NZ,fyi.org.nz,,,,,,2010-01-26,2010-03-23
Judith Collins,,nz/judith-collins,,,,,http://www.ministers.govt.nz,New Zealand,NZ,fyi.org.nz,,,,,,2012-05-07,2012-05-07
Kaikoura District Council,,nz/kaikoura-district-council,,,,,http://www.kaikoura.govt.nz,New Zealand,NZ,fyi.org.nz,,,,,district_council,2010-01-26,2010-03-23
Kaipara District Council,,nz/kaipara-district-council,,,,,http://www.kaipara.govt.nz/,New Zealand,NZ,fyi.org.nz,,,,,district_council,2010-01-26,2010-03-23
Kapiti Coast District Council,,nz/kapiti-coast-district-council,,,,,http://www.kapiticoast.govt.nz/,New Zealand,NZ,fyi.org.nz,,,,,district_council,2010-01-26,2010-03-23
Kawerau District Council,,nz/kawerau-district-council,,,,,http://www.kaweraudc.govt.nz,New Zealand,NZ,fyi.org.nz,,,,,district_council,2010-01-26,2010-03-23
Kordia Group Limited,,nz/kordia-group-limited,,,,,http://www.kordiasolutions.com/,New Zealand,NZ,fyi.org.nz,,,,,,2010-01-26,2010-03-23
Lakes District Health Board,,nz/lakes-district-health-board,,,,,http://www.lakesdhb.govt.nz,New Zealand,NZ,fyi.org.nz,,,,,dhb,2010-01-26,2010-03-23
Landcare Research New Zealand Limited,,nz/landcare-research-new-zealand-limited,,,,,http://www.landcareresearch.co.nz,New Zealand,NZ,fyi.org.nz,,,,,,2010-01-26,2010-03-23
Landcorp Farming Limited,,nz/landcorp-farming-limited,,,,,http://www.landcorp.co.nz,New Zealand,NZ,fyi.org.nz,,,,,,2010-01-26,2010-03-23
Law Commission,,nz/law-commission,,,,,http://www.lawcom.govt.nz,New Zealand,NZ,fyi.org.nz,,,,,,2010-01-26,2010-03-23
Leadership Development Centre,LDC,nz/ldc,,,,,http://www.ldc.govt.nz,New Zealand,NZ,fyi.org.nz,,,,,,2010-01-26,2010-03-23
Leader of the House,,nz/leader-of-the-house,,,,,http://www.ministers.govt.nz,New Zealand,NZ,fyi.org.nz,,,,,,2012-05-07,2012-05-07
Learning Media Limited,,nz/learning-media-limited,,,,,http://www.learningmedia.co.nz,New Zealand,NZ,fyi.org.nz,,,,,,2010-01-26,2010-03-23
Lincoln University,,nz/lincoln-university,,,,,http://www.lincoln.ac.nz,New Zealand,NZ,fyi.org.nz,,,,,university,2010-01-26,2010-03-23
Land Information New Zealand,LINZ,nz/linz,,,,,http://www.linz.govt.nz,New Zealand,NZ,fyi.org.nz,,,,,,2010-01-26,2010-03-23
Living Way Learning Centre,,nz/living-way-learning-centre,,,,,http://www.livingway.co.nz,New Zealand,NZ,fyi.org.nz,,,,,,2012-04-28,2012-04-28
Legal Services Agency,LSA,nz/lsa,,,,,http://www.lsa.govt.nz,New Zealand,NZ,fyi.org.nz,,,,,,2010-01-26,2010-03-23
MacKenzie District Council,,nz/mackenzie-district-council,,,,,http://www.mackenzie.govt.nz,New Zealand,NZ,fyi.org.nz,,,,,district_council,2010-01-26,2010-03-23
Mana Tamariki,,nz/mana-tamariki,,,,,http://www.k09e055.kohanga.ac.nz,New Zealand,NZ,fyi.org.nz,,,,,,2012-04-28,2012-04-28
Manawatu District Council,,nz/manawatu-district-council,,,,,http://www.mdc.govt.nz/,New Zealand,NZ,fyi.org.nz,,,,,district_council,2010-01-26,2010-03-23
Manawatu-Wanganui Regional Council,,nz/manawatu-wanganui-regional-council,,,,,http://www.horizons.govt.nz,New Zealand,NZ,fyi.org.nz,,,,,,2010-01-26,2010-03-23
Manukau City Council,,nz/manukau-city-council,,,,,http://www.manukau.govt.nz,New Zealand,NZ,fyi.org.nz,,,,,city_council,2010-01-26,2011-04-04
Maritime New Zealand,,nz/maritime-new-zealand,,,,,http://www.maritimenz.govt.nz/,New Zealand,NZ,fyi.org.nz,,,,,,2010-01-26,2010-03-23
Marlborough District Council,,nz/marlborough-district-council,,,,,http://www.marlborough.govt.nz,New Zealand,NZ,fyi.org.nz,,,,,district_council,2010-01-26,2010-03-23
Massey University,,nz/massey-university,,,,,http://palmerstonnorth.massey.ac.nz,New Zealand,NZ,fyi.org.nz,,,,,university,2010-01-26,2010-03-23
Masterton District Council,,nz/masterton-district-council,,,,,http://www.mstn.govt.nz,New Zealand,NZ,fyi.org.nz,,,,,district_council,2010-01-26,2010-03-23
Matamata-Piako District Council,,nz/matamata-piako-district-council,,,,,http://www.mpdc.govt.nz/,New Zealand,NZ,fyi.org.nz,,,,,district_council,2010-01-26,2010-03-23
"Ministry of Business, Innovation & Employment",MBIE,nz/mbie,,,,,http://www.mbie.govt.nz/,New Zealand,NZ,fyi.org.nz,,,,,ministry,2012-10-02,2012-10-02
Ministry of Economic Development,MED,nz/med,,,,,http://www.med.govt.nz,New Zealand,NZ,fyi.org.nz,,,,,ministry,2010-01-26,2010-03-23
Mental Health Commission,,nz/mental-health-commission,,,,,http://www.mhc.govt.nz,New Zealand,NZ,fyi.org.nz,,,,,defunct,2010-01-26,2012-09-12
Meridian Energy Limited,,nz/meridian-energy-limited,,,,,http://www.meridianenergy.co.nz,New Zealand,NZ,fyi.org.nz,,,,,,2010-01-26,2010-03-23
Meteorological Service of New Zealand Limited,,nz/meteorological-service-of-new-zealand-limited,,,,,http://www.metservice.co.nz/,New Zealand,NZ,fyi.org.nz,,,,,,2010-01-26,2010-03-23
Ministry of Foreign Affairs and Trade,MFAT,nz/mfat,,,,,http://www.mfat.govt.nz,New Zealand,NZ,fyi.org.nz,,,,,ministry,2010-01-26,2010-03-23
Ministry for the Environment,MFE,nz/mfe,,,,,http://www.mfe.govt.nz/,New Zealand,NZ,fyi.org.nz,,,,,ministry,2010-01-26,2012-12-19
Ministry of Fisheries,MFish,nz/mfish,,,,,http://www.fish.govt.nz/,New Zealand,NZ,fyi.org.nz,,,,,defunct ministry,2010-01-26,2012-08-21
MidCentral District Health Board,,nz/midcentral-district-health-board,,,,,http://www.midcentraldhb.govt.nz/,New Zealand,NZ,fyi.org.nz,,,,,dhb,2010-01-26,2010-03-23
Mighty River Power Limited,,nz/mighty-river-power-limited,,,,,http://www.mightyriverpower.co.nz/,New Zealand,NZ,fyi.org.nz,,,,,,2010-01-26,2010-03-23
MindAlive,,nz/mindalive,,,,,,New Zealand,NZ,fyi.org.nz,,,,,,2012-04-28,2012-04-28
Minister for ACC,,nz/minister-for-acc,,,,,http://www.ministers.govt.nz,New Zealand,NZ,fyi.org.nz,,,,,,2012-05-07,2012-05-07
Minister for Climate Change Issues,,nz/minister-for-climate-change-issues,,,,,http://www.ministers.govt.nz,New Zealand,NZ,fyi.org.nz,,,,,,2012-05-07,2012-05-07
Minister for Consumer Affairs,,nz/minister-for-consumer-affairs,,,,,http://www.ministers.govt.nz,New Zealand,NZ,fyi.org.nz,,,,,,2012-05-07,2012-05-07
Minister for Economic Development,,nz/minister-for-economic-development,,,,,http://www.ministers.govt.nz,New Zealand,NZ,fyi.org.nz,,,,,,2012-05-07,2012-05-07
Minister for Primary Industries,,nz/minister-for-primary-industries,,,,,http://www.ministers.govt.nz,New Zealand,NZ,fyi.org.nz,,,,,,2012-05-07,2012-05-07
Minister for Senior Citizens,,nz/minister-for-senior-citizens,,,,,http://www.ministers.govt.nz,New Zealand,NZ,fyi.org.nz,,,,,,2012-05-07,2012-05-07
Minister for Sports and Recreation,,nz/minister-for-sports-and-recreation,,,,,http://www.ministers.govt.nz,New Zealand,NZ,fyi.org.nz,,,,,,2012-05-07,2012-05-07
"Minister for Tertiary Education, Skills and Employment",,nz/minister-for-tertiary-education-skills-and-employment,,,,,http://www.ministers.govt.nz,New Zealand,NZ,fyi.org.nz,,,,,,2012-05-07,2012-05-07
Minister for the Budget,,nz/minister-for-the-budget,,,,,http://www.ministers.govt.nz,New Zealand,NZ,fyi.org.nz,,,,,,2012-05-07,2012-05-07
Minister for the Community and Voluntary Sector,,nz/minister-for-the-community-and-voluntary-sector,,,,,http://www.ministers.govt.nz,New Zealand,NZ,fyi.org.nz,,,,,,2012-05-07,2012-05-07
Minister for the Courts,,nz/minister-for-the-courts,,,,,http://www.ministers.govt.nz,New Zealand,NZ,fyi.org.nz,,,,,,2012-05-07,2012-05-07
Minister for the Environment,,nz/minister-for-the-environment,,,,,http://www.ministers.govt.nz,New Zealand,NZ,fyi.org.nz,,,,,,2012-05-07,2012-05-07
Minister for Tourism,,nz/minister-for-tourism,,,,,http://www.ministers.govt.nz,New Zealand,NZ,fyi.org.nz,,,,,,2012-05-07,2012-05-07
Minister for Veterans' Affairs,,nz/minister-for-veterans-affairs,,,,,http://www.ministers.govt.nz,New Zealand,NZ,fyi.org.nz,,,,,,2012-05-07,2012-05-07
Minister for Wh?nau Ora,,nz/minister-for-whnau-ora,,,,,http://www.ministers.govt.nz,New Zealand,NZ,fyi.org.nz,,,,,,2012-05-07,2012-05-07
Minister of ACC,,nz/minister-of-acc,,,,,http://www.ministers.govt.nz,New Zealand,NZ,fyi.org.nz,,,,,minister,2013-04-01,2013-04-01
"Minister of Arts, Culture, and Heritage",,nz/minister-of-arts-culture-and-heritage,,,,,http://www.ministers.govt.nz,New Zealand,NZ,fyi.org.nz,,,,,minister,2012-05-07,2012-05-07
Minister of Broadcasting,,nz/minister-of-broadcasting,,,,,http://www.ministers.govt.nz,New Zealand,NZ,fyi.org.nz,,,,,minister,2012-05-07,2012-05-07
Minister of Building and Construction,,nz/minister-of-building-and-construction,,,,,http://www.ministers.govt.nz,New Zealand,NZ,fyi.org.nz,,,,,minister,2012-05-07,2012-05-07
Minister of Civil Defence,,nz/minister-of-civil-defence,,,,,http://www.ministers.govt.nz,New Zealand,NZ,fyi.org.nz,,,,,minister,2012-05-07,2012-05-07
Minister of Commerce,,nz/minister-of-commerce,,,,,http://www.ministers.govt.nz,New Zealand,NZ,fyi.org.nz,,,,,minister,2012-05-07,2012-05-07
Minister of Communications and Information Technology,,nz/minister-of-communications-and-information-technology,,,,,http://www.ministers.govt.nz,New Zealand,NZ,fyi.org.nz,,,,,minister,2012-05-07,2012-05-07
Minister of Conservation,,nz/minister-of-conservation,,,,,http://www.ministers.govt.nz,New Zealand,NZ,fyi.org.nz,,,,,minister,2012-05-07,2013-04-01
Minister of Corrections,,nz/minister-of-corrections,,,,,http://www.ministers.govt.nz,New Zealand,NZ,fyi.org.nz,,,,,minister,2012-05-07,2012-05-07
Minister of Customs,,nz/minister-of-customs,,,,,http://www.ministers.govt.nz,New Zealand,NZ,fyi.org.nz,,,,,minister,2012-05-07,2012-05-07
Minister of Defence,,nz/minister-of-defence,,,,,http://www.ministers.govt.nz,New Zealand,NZ,fyi.org.nz,,,,,minister,2012-05-07,2012-05-07
Minister of Disability Issues,,nz/minister-of-disability-issues,,,,,http://www.ministers.govt.nz,New Zealand,NZ,fyi.org.nz,,,,,minister,2012-05-07,2012-05-07
Minister of Education,,nz/minister-of-education,,,,,http://www.ministers.govt.nz,New Zealand,NZ,fyi.org.nz,,,,,minister,2012-05-07,2012-05-07
Minister of Energy and Resources,,nz/minister-of-energy-and-resources,,,,,http://www.ministers.govt.nz,New Zealand,NZ,fyi.org.nz,,,,,minister,2012-05-07,2013-04-01
Minister of Ethnic Affairs,,nz/minister-of-ethnic-affairs,,,,,http://www.ministers.govt.nz,New Zealand,NZ,fyi.org.nz,,,,,minister,2012-05-07,2012-05-07
Minister of Finance,,nz/minister-of-finance,,,,,http://www.ministers.govt.nz,New Zealand,NZ,fyi.org.nz,,,,,minister,2012-05-07,2012-05-07
Minister of Food Safety,,nz/minister-of-food-safety,,,,,http://www.ministers.govt.nz,New Zealand,NZ,fyi.org.nz,,,,,defunct minister,2012-05-07,2012-08-21
Minister of Foreign Affairs,,nz/minister-of-foreign-affairs,,,,,http://www.ministers.govt.nz,New Zealand,NZ,fyi.org.nz,,,,,minister,2012-05-07,2012-05-07
Minister of Health,,nz/minister-of-health,,,,,http://www.parliament.govt.nz,New Zealand,NZ,fyi.org.nz,,,,,minister,2012-05-07,2012-05-07
Minister of Housing,,nz/minister-of-housing,,,,,http://www.ministers.govt.nz,New Zealand,NZ,fyi.org.nz,,,,,minister,2012-05-07,2013-04-01
Minister of Immigration,,nz/minister-of-immigration,,,,,http://www.ministers.govt.nz,New Zealand,NZ,fyi.org.nz,,,,,minister,2012-05-07,2012-05-07
Minister of Internal Affairs,,nz/minister-of-internal-affairs,,,,,http://www.ministers.govt.nz,New Zealand,NZ,fyi.org.nz,,,,,minister,2012-05-07,2012-05-07
Minister of Justice,,nz/minister-of-justice,,,,,http://www.ministers.govt.nz,New Zealand,NZ,fyi.org.nz,,,,,minister,2012-05-07,2012-05-07
Minister of Labour,,nz/minister-of-labour,,,,,http://www.ministers.govt.nz,New Zealand,NZ,fyi.org.nz,,,,,minister,2012-05-07,2013-04-01
Minister of Land Information,,nz/minister-of-land-information,,,,,http://www.ministers.govt.nz,New Zealand,NZ,fyi.org.nz,,,,,minister,2012-05-07,2012-05-07
Minister of Local Government,,nz/minister-of-local-government,,,,,http://www.ministers.govt.nz,New Zealand,NZ,fyi.org.nz,,,,,minister,2012-05-07,2012-05-07
Minister of M?ori Affairs,,nz/minister-of-mori-affairs,,,,,http://www.ministers.govt.nz,New Zealand,NZ,fyi.org.nz,,,,,minister,2012-05-07,2012-05-07
Minister of Pacific Island Affairs,,nz/minister-of-pacific-island-affairs,,,,,http://www.ministers.govt.nz,New Zealand,NZ,fyi.org.nz,,,,,minister,2012-05-07,2012-05-07
Minister of Police,,nz/minister-of-police,,,,,http://www.ministers.govt.nz,New Zealand,NZ,fyi.org.nz,,,,,minister,2012-05-07,2012-05-07
Minister of Racing,,nz/minister-of-racing,,,,,http://www.ministers.govt.nz,New Zealand,NZ,fyi.org.nz,,,,,minister,2012-05-07,2012-05-07
Minister of Regulatory Reform,,nz/minister-of-regulatory-reform,,,,,http://www.ministers.govt.nz,New Zealand,NZ,fyi.org.nz,,,,,minister,2012-05-07,2012-05-07
Minister of Revenue,,nz/minister-of-revenue,,,,,http://www.ministers.govt.nz,New Zealand,NZ,fyi.org.nz,,,,,minister,2012-05-07,2012-05-07
Minister of Science and Innovation,,nz/minister-of-science-and-innovation,,,,,http://www.ministers.govt.nz,New Zealand,NZ,fyi.org.nz,,,,,minister,2012-05-07,2012-05-07
Minister of Small Business,,nz/minister-of-small-business,,,,,http://www.ministers.govt.nz,New Zealand,NZ,fyi.org.nz,,,,,minister,2012-05-07,2012-05-07
Minister of Social Development,,nz/minister-of-social-development,,,,,http://www.ministers.govt.nz,New Zealand,NZ,fyi.org.nz,,,,,minister,2012-05-07,2012-05-07
Minister of State Owned Enterprises,,nz/minister-of-state-owned-enterprises,,,,,http://www.parliament.govt.nz,New Zealand,NZ,fyi.org.nz,,,,,minister,2012-05-07,2012-05-07
Minister of State Services,,nz/minister-of-state-services,,,,,http://www.ministers.govt.nz,New Zealand,NZ,fyi.org.nz,,,,,minister,2012-05-07,2012-05-07
Minister of Statistics,,nz/minister-of-statistics,,,,,http://www.ministers.govt.nz,New Zealand,NZ,fyi.org.nz,,,,,minister,2012-05-07,2012-05-07
Minister of Trade,,nz/minister-of-trade,,,,,http://www.ministers.govt.nz,New Zealand,NZ,fyi.org.nz,,,,,minister,2012-05-07,2012-05-07
Minister of Transport,,nz/minister-of-transport,,,,,http://www.ministers.govt.nz,New Zealand,NZ,fyi.org.nz,,,,,minister,2012-05-07,2012-05-07
Minister of Treaty Negotiations,,nz/minister-of-treaty-negotiations,,,,,http://www.ministers.govt.nz,New Zealand,NZ,fyi.org.nz,,,,,minister,2012-05-07,2012-05-07
Minister of Women's Affairs,,nz/minister-of-womens-affairs,,,,,http://www.ministers.govt.nz,New Zealand,NZ,fyi.org.nz,,,,,minister,2012-05-07,2012-05-07
Minister of Youth Affairs,,nz/minister-of-youth-affairs,,,,,http://www.ministers.govt.nz,New Zealand,NZ,fyi.org.nz,,,,,minister,2012-05-07,2013-04-01
Minister Responsible For Canterbury Earthquake Recovery,,nz/minister-responsible-for-canterbury-earthquake-recovery,,,,,http://www.ministers.govt.nz,New Zealand,NZ,fyi.org.nz,,,,,,2012-05-07,2012-05-07
Minister Responsible for Earthquake Commission,,nz/minister-responsible-for-earthquake-commission,,,,,http://www.ministers.govt.nz,New Zealand,NZ,fyi.org.nz,,,,,,2012-05-07,2012-05-07
Minister Responsible for Ministeral Services,,nz/minister-responsible-for-ministeral-services,,,,,http://www.ministers.govt.nz,New Zealand,NZ,fyi.org.nz,,,,,,2012-05-07,2012-05-07
Minister Responsible for Novopay,,nz/minister-responsible-for-novopay,,,,,http://www.ministers.govt.nz,New Zealand,NZ,fyi.org.nz,,,,,,2013-04-03,2013-04-03
Minister Responsible for the GCSB,,nz/minister-responsible-for-the-gcsb,,,,,http://www.ministers.govt.nz,New Zealand,NZ,fyi.org.nz,,,,,,2012-05-07,2012-05-07
Minister Responsible for the New Zealand Security Services (SIS),,nz/minister-responsible-for-the-new-zealand-security-services-sis,,,,,http://www.ministers.govt.nz,New Zealand,NZ,fyi.org.nz,,,,,,2012-05-07,2012-05-07
Ministry for Culture and Heritage,,nz/ministry-for-culture-and-heritage,,,,,http://www.mch.govt.nz,New Zealand,NZ,fyi.org.nz,,,,,ministry,2010-01-26,2010-03-23
Ministry of Defence,,nz/ministry-of-defence,,,,,http://www.defence.govt.nz,New Zealand,NZ,fyi.org.nz,,,,,ministry,2010-01-26,2010-03-23
Ministry of Education,,nz/ministry-of-education,,,,,http://www.minedu.govt.nz,New Zealand,NZ,fyi.org.nz,,,,,ministry,2010-01-26,2010-03-23
Ministry of Justice,,nz/ministry-of-justice,,,,,http://www.justice.govt.nz,New Zealand,NZ,fyi.org.nz,,,,,ministry,2010-01-26,2010-03-23
Manukau Institute of Technology,MIT,nz/mit,,,,,http://www.manukau.ac.nz,New Zealand,NZ,fyi.org.nz,,,,,,2010-01-26,2010-03-23
Ministry of Health,MOH,nz/moh,,,,,http://www.moh.govt.nz,New Zealand,NZ,fyi.org.nz,,,,,ministry,2010-01-26,2010-03-23
"Ministry of Research, Science, and Technology",MoRST,nz/morst,,,,,http://www.morst.govt.nz,New Zealand,NZ,fyi.org.nz,,,,,ministry,2010-01-26,2010-03-23
Ministry of Transport,MOT,nz/mot,,,,,http://www.transport.govt.nz,New Zealand,NZ,fyi.org.nz,,,,,popular_agency ministry,2010-01-26,2013-04-20
Ministry for Primary Industries,MPI,nz/mpi,,,,,http://www.mpi.govt.nz,New Zealand,NZ,fyi.org.nz,,,,,ministry,2010-01-26,2012-08-21
Ministry of Pacific Island Affairs,MPIA,nz/mpia,,,,,http://www.minpac.govt.nz/,New Zealand,NZ,fyi.org.nz,,,,,ministry,2010-01-26,2010-03-23
Ministry of Social Development,MSD,nz/msd,,,,,http://www.msd.govt.nz,New Zealand,NZ,fyi.org.nz,,,,,popular_agency ministry,2010-01-26,2013-04-20
Murihiku Young Parents Learning Centre,,nz/murihiku-young-parents-learning-centre,,,,,,New Zealand,NZ,fyi.org.nz,,,,,,2012-04-28,2012-04-28
Museum of New Zealand Te Papa Tongarewa Board,,nz/museum-of-new-zealand-te-papa-tongarewa-board,,,,,http://www.tepapa.govt.nz,New Zealand,NZ,fyi.org.nz,,,,,,2010-01-26,2010-03-23
Ministry of Women's Affairs,MWA,nz/mwa,,,,,http://www.mwa.govt.nz,New Zealand,NZ,fyi.org.nz,,,,,ministry,2010-01-26,2010-03-23
Napier City Council,,nz/napier-city-council,,,,,http://www.napier.govt.nz,New Zealand,NZ,fyi.org.nz,,,,,city_council,2010-01-26,2012-04-03
Nelson City Council,,nz/nelson-city-council,,,,,http://www.nelsoncitycouncil.co.nz,New Zealand,NZ,fyi.org.nz,,,,,city_council,2010-01-26,2010-03-23
Nelson Marlborough District Health Board,,nz/nelson-marlborough-district-health-board,,,,,http://www.nmdhb.govt.nz,New Zealand,NZ,fyi.org.nz,,,,,dhb,2010-01-26,2010-03-23
Nelson Marlborough Fish and Game Council,,nz/nelson-marlborough-fish-and-game-council,,,,,http://www.fishandgame.org.nz/Site/Regions/NelsonMarlborough/default.aspx,New Zealand,NZ,fyi.org.nz,,,,,,2010-01-26,2010-03-23
Nelson Marlborough Institute of Technology,,nz/nelson-marlborough-institute-of-technology,,,,,http://www.nmit.ac.nz,New Zealand,NZ,fyi.org.nz,,,,,,2010-01-26,2010-03-23
New Plymouth District Council,,nz/new-plymouth-district-council,,,,,http://www.newplymouthnz.com,New Zealand,NZ,fyi.org.nz,,,,,district_council,2010-01-26,2010-03-23
New Zealand Antarctic Institute,,nz/new-zealand-antarctic-institute,,,,,http://www.antarcticanz.govt.nz,New Zealand,NZ,fyi.org.nz,,,,,,2010-01-26,2010-03-23
New Zealand Blood Service,,nz/new-zealand-blood-service,,,,,http://www.nzblood.co.nz/,New Zealand,NZ,fyi.org.nz,,,,,,2010-01-26,2010-03-23
New Zealand Fire Service Commission,,nz/new-zealand-fire-service-commission,,,,,http://www.fire.org.nz,New Zealand,NZ,fyi.org.nz,,,,,,2010-01-26,2010-03-23
New Zealand Fish and Game Council,,nz/new-zealand-fish-and-game-council,,,,,http://www.fishandgame.org.nz,New Zealand,NZ,fyi.org.nz,,,,,,2010-01-26,2010-03-23
New Zealand Gambling Commission,,nz/new-zealand-gambling-commission,,,,,http://www.gamblingcommission.govt.nz/,New Zealand,NZ,fyi.org.nz,,,,,,2012-04-19,2012-04-19
New Zealand Game Bird Habitat Trust Board,,nz/new-zealand-game-bird-habitat-trust-board,,,,,http://www.fishandgame.org.nz/Site/HuntingNZ/Huntinggamebirdstamp.aspx,New Zealand,NZ,fyi.org.nz,,,,,,2010-01-26,2010-03-23
New Zealand Government Property Corporation,,nz/new-zealand-government-property-corporation,,,,,,New Zealand,NZ,fyi.org.nz,,,,,,2010-01-26,2010-03-23
New Zealand Lotteries Commission,,nz/new-zealand-lotteries-commission,,,,,http://www.nzlotteries.co.nz,New Zealand,NZ,fyi.org.nz,,,,,,2010-01-26,2010-03-23
New Zealand Lottery Grants Board,,nz/new-zealand-lottery-grants-board,,,,,http://www.dia.govt.nz/diawebsite.nsf/wpg_URL/Services-Lottery-Grants-Index?OpenDocument,New Zealand,NZ,fyi.org.nz,,,,,,2010-01-26,2010-03-23
New Zealand Parole Board,,nz/new-zealand-parole-board,,,,,http://www.paroleboard.govt.nz,New Zealand,NZ,fyi.org.nz,,,,,,2012-05-16,2012-05-16
New Zealand Police,,nz/new-zealand-police,,,,,http://www.police.govt.nz,New Zealand,NZ,fyi.org.nz,,,,,popular_agency,2010-01-26,2013-04-20
New Zealand Post Limited,,nz/new-zealand-post-limited,,,,,http://www.nzpost.co.nz,New Zealand,NZ,fyi.org.nz,,,,,,2010-01-26,2013-01-30
New Zealand Railways Corporation,,nz/new-zealand-railways-corporation,,,,,http://www.ontrack.govt.nz,New Zealand,NZ,fyi.org.nz,,,,,,2010-01-26,2010-03-23
New Zealand Teachers Council,,nz/new-zealand-teachers-council,,,,,http://www.teacherscouncil.govt.nz/,New Zealand,NZ,fyi.org.nz,,,,,,2010-01-26,2010-03-23
New Zealand Tourism Board,,nz/new-zealand-tourism-board,,,,,http://www.tourisminfo.govt.nz/,New Zealand,NZ,fyi.org.nz,,,,,,2010-01-26,2010-03-23
New Zealand Walking Access Commission,,nz/new-zealand-walking-access-commission,,,,,http://www.walkingaccess.govt.nz/,New Zealand,NZ,fyi.org.nz,,,,,,2010-01-26,2011-11-28
Ngai Tahu Ancillary Claims Trust,,nz/ngai-tahu-ancillary-claims-trust,,,,,http://www.ngaitahu.iwi.nz,New Zealand,NZ,fyi.org.nz,,,,,,2010-01-26,2010-03-23
Nga Kakano Christian Reo Rua Kura,,nz/nga-kakano-christian-reo-rua-kura,,,,,http://www.maxnet.co.nz,New Zealand,NZ,fyi.org.nz,,,,,,2012-04-28,2012-04-28
Nga Purapura o te Aroha,,nz/nga-purapura-o-te-aroha,,,,,,New Zealand,NZ,fyi.org.nz,,,,,,2012-04-28,2012-04-28
National Institute of Water and Atmospheric Research Limited,NIWA,nz/niwa,,,,,http://www.niwa.co.nz,New Zealand,NZ,fyi.org.nz,,,,,,2010-01-26,2010-03-23
National Library of New Zealand Te Puna Mātauranga o Aotearoa,NLNZ,nz/nlnz,,,,,http://www.natlib.govt.nz,New Zealand,NZ,fyi.org.nz,,,,,,2010-01-26,2010-03-23
North Canterbury Fish and Game Council,,nz/north-canterbury-fish-and-game-council,,,,,http://www.fishandgame.org.nz/Site/Regions/NorthCanterbury/default.aspx,New Zealand,NZ,fyi.org.nz,,,,,,2010-01-26,2010-03-23
Northland District Health Board,,nz/northland-district-health-board,,,,,http://www.northlanddhb.org.nz/,New Zealand,NZ,fyi.org.nz,,,,,dhb,2010-01-26,2010-03-23
Northland Fish and Game Council,,nz/northland-fish-and-game-council,,,,,http://www.fishandgame.org.nz/Site/Regions/Northland/default.aspx,New Zealand,NZ,fyi.org.nz,,,,,,2010-01-26,2010-03-23
Northland Regional Council,,nz/northland-regional-council,,,,,http://www.nrc.govt.nz,New Zealand,NZ,fyi.org.nz,,,,,,2010-01-26,2010-03-23
North Shore City Council,,nz/north-shore-city-council,,,,,http://www.northshorecity.govt.nz/,New Zealand,NZ,fyi.org.nz,,,,,city_council,2010-01-26,2011-04-04
Northtec,,nz/northtec,,,,,http://www.northtec.ac.nz/,New Zealand,NZ,fyi.org.nz,,,,,,2010-01-26,2010-03-23
New Zealand Artificial Limb Board,NZALB,nz/nzalb,,,,,http://www.nzalb.govt.nz,New Zealand,NZ,fyi.org.nz,,,,,,2010-01-26,2010-03-23
New Zealand Customs Service,NZCS,nz/nzcs,,,,,http://www.customs.govt.nz,New Zealand,NZ,fyi.org.nz,,,,,,2010-01-26,2012-10-25
New Zealand Defence Force,NZDF,nz/nzdf,,,,,http://www.nzdf.mil.nz,New Zealand,NZ,fyi.org.nz,,,,,,2010-01-26,2012-08-01
New Zealand Film Commission,NZFC,nz/nzfc,,,,,http://www.nzfilm.co.nz/,New Zealand,NZ,fyi.org.nz,,,,,,2010-01-26,2010-03-23
New Zealand Food Safety Authority,NZFSA,nz/nzfsa,,,,,http://www.nzfsa.govt.nz,New Zealand,NZ,fyi.org.nz,,,,,defunct,2010-01-26,2012-08-21
New Zealand Historic Places Trust (Pouhere Taonga),NZHPT,nz/nzhpt,,,,,http://www.historic.org.nz,New Zealand,NZ,fyi.org.nz,,,,,,2010-01-26,2010-03-23
NZ On Air,,nz/nz-on-air,,,,,http://www.nzonair.govt.nz/,New Zealand,NZ,fyi.org.nz,,,,,,2012-05-02,2012-05-02
New Zealand Qualifications Authority,NZQA,nz/nzqa,,,,,http://www.nzqa.govt.nz/,New Zealand,NZ,fyi.org.nz,,,,,,2010-01-26,2010-03-23
Drug Free Sport New Zealand,NZSDA,nz/nzsda,,,,,http://www.drugfreesport.org.nz,New Zealand,NZ,fyi.org.nz,,,,,,2010-01-26,2010-03-23
New Zealand Security Intelligence Service,NZSIS,nz/nzsis,,,,,http://www.nzsis.govt.nz,New Zealand,NZ,fyi.org.nz,,,,,,2010-01-26,2012-05-16
New Zealand Symphony Orchestra,NZSO,nz/nzso,,,,,http://www.nzso.co.nz/,New Zealand,NZ,fyi.org.nz,,,,,,2010-01-26,2010-03-23
New Zealand Transport Agency,NZTA,nz/nzta,,,,,http://nzta.govt.nz,New Zealand,NZ,fyi.org.nz,,,,,,2010-01-26,2010-03-23
New Zealand Trade and Enterprise,NZTE,nz/nzte,,,,,http://www.nzte.govt.nz,New Zealand,NZ,fyi.org.nz,,,,,,2010-01-26,2010-03-23
Children's Commissioner,OCC,nz/occ,,,,,http://www.occ.org.nz/,New Zealand,NZ,fyi.org.nz,,,,,,2010-01-26,2010-03-23
Office of Film and Literature Classification,,nz/office-of-film-and-literature-classification,,,,,http://www.censorship.govt.nz,New Zealand,NZ,fyi.org.nz,,,,,,2010-01-26,2010-03-23
Office of the Clerk of the House of Representatives,,nz/office-of-the-clerk-of-the-house-of-representatives,,,,,http://www.parliament.nz/en-NZ/Admin/Agencies/OOC/,New Zealand,NZ,fyi.org.nz,,,,,,2010-01-26,2010-03-23
Office of the Controller and Auditor-General,,nz/office-of-the-controller-and-auditor-general,,,,,http://www.oag.govt.nz,New Zealand,NZ,fyi.org.nz,,,,,,2010-01-26,2010-03-23
Office of the Ombudsmen,,nz/office-of-the-ombudsmen,,,,,http://www.ombudsmen.parliament.nz,New Zealand,NZ,fyi.org.nz,,,,,,2010-01-26,2012-03-14
Opotiki District Council,,nz/opotiki-district-council,,,,,http://www.odc.govt.nz,New Zealand,NZ,fyi.org.nz,,,,,district_council,2010-01-26,2010-03-23
Otago District Health Board,,nz/otago-district-health-board,,,,,http://www.otagodhb.govt.nz/,New Zealand,NZ,fyi.org.nz,,,,,dhb,2010-01-26,2010-03-23
Otago Fish and Game Council,,nz/otago-fish-and-game-council,,,,,http://www.fishandgame.org.nz/Site/Regions/Otago/default.aspx,New Zealand,NZ,fyi.org.nz,,,,,,2010-01-26,2010-03-23
Otago Polytechnic,,nz/otago-polytechnic,,,,,http://www.otagopolytechnic.ac.nz,New Zealand,NZ,fyi.org.nz,,,,,,2010-01-26,2010-03-23
Otago Regional Council,,nz/otago-regional-council,,,,,http://www.orc.govt.nz/,New Zealand,NZ,fyi.org.nz,,,,,,2010-01-26,2010-03-23
Otorohanga District Council,,nz/otorohanga-district-council,,,,,http://www.otodc.govt.nz,New Zealand,NZ,fyi.org.nz,,,,,district_council,2010-01-26,2010-03-23
Pacific Co-operation Foundation,,nz/pacific-co-operation-foundation,,,,,http://www.pcf.org.nz/,New Zealand,NZ,fyi.org.nz,,,,,,2010-01-26,2010-03-23
Pa Harakeke Teen Parent Unit,,nz/pa-harakeke-teen-parent-unit,,,,,,New Zealand,NZ,fyi.org.nz,,,,,,2012-04-28,2012-04-28
Palmerston North City Council,,nz/palmerston-north-city-council,,,,,http://www.pncc.govt.nz,New Zealand,NZ,fyi.org.nz,,,,,city_council,2010-01-26,2010-03-23
Papakura District Council,,nz/papakura-district-council,,,,,http://www.papakura.govt.nz,New Zealand,NZ,fyi.org.nz,,,,,district_council,2010-01-26,2012-04-03
Parliamentary Service,,nz/parliamentary-service,,,,,http://www.parliament.nz/en-NZ/Admin/Agencies/PS/,New Zealand,NZ,fyi.org.nz,,,,,,2010-01-26,2012-02-08
Pacific Island Business Development Trust,PBT,nz/pbt,,,,,http://www.pacificbusiness.co.nz/,New Zealand,NZ,fyi.org.nz,,,,,,2010-01-26,2010-03-23
Office of the Parliamentary Commissioner for the Environment,PCE,nz/pce,,,,,http://www.pce.govt.nz/,New Zealand,NZ,fyi.org.nz,,,,,,2010-01-26,2010-03-23
Parliamentary Counsel Office,PCO,nz/pco,,,,,http://www.pco.parliament.govt.nz/,New Zealand,NZ,fyi.org.nz,,,,,,2010-01-26,2010-03-23
Pharmaceutical Management Agency,PHARMAC,nz/pharmac,,,,,http://www.pharmac.govt.nz,New Zealand,NZ,fyi.org.nz,,,,,,2010-01-26,2010-03-23
Porirua City Council,,nz/porirua-city-council,,,,,http://www.pcc.govt.nz/,New Zealand,NZ,fyi.org.nz,,,,,city_council,2010-01-26,2010-03-23
Prime Minister,,nz/prime-minister,,,,,http://www.ministers.govt.nz,New Zealand,NZ,fyi.org.nz,,,,,,2012-05-07,2012-05-07
Privacy Commissioner,,nz/privacy-commissioner,,,,,http://www.privacy.org.nz,New Zealand,NZ,fyi.org.nz,,,,,,2010-01-26,2010-03-23
Reserves Boards,Public Sector,nz/public-sector,,,,,,New Zealand,NZ,fyi.org.nz,,,,,,2010-01-26,2010-03-23
Public Trust,,nz/public-trust,,,,,http://www.publictrust.co.nz,New Zealand,NZ,fyi.org.nz,,,,,,2010-01-26,2010-03-23
Queenstown-Lakes District Council,,nz/queenstown-lakes-district-council,,,,,http://www.qldc.govt.nz,New Zealand,NZ,fyi.org.nz,,,,,district_council,2010-01-26,2010-03-23
Quotable Value Limited,QVNZ,nz/qvnz,,,,,http://www.qv.co.nz/,New Zealand,NZ,fyi.org.nz,,,,,,2010-01-26,2010-03-23
Rangitikei District Council,,nz/rangitikei-district-council,,,,,http://www.rangitikei.govt.nz,New Zealand,NZ,fyi.org.nz,,,,,district_council,2010-01-26,2010-03-23
Reserve Bank of New Zealand,RBNZ,nz/rbnz,,,,,http://www.rbnz.govt.nz,New Zealand,NZ,fyi.org.nz,,,,,,2010-01-26,2010-03-23
Real Estate Agents Authority,REAA,nz/reaa,,,,,http://www.reaa.govt.nz,New Zealand,NZ,fyi.org.nz,,,,,,2010-01-26,2013-01-15
Research and Education Advanced Network New Zealand Limited,REANNZ,nz/reannz,,,,,http://www.reannz.co.nz,New Zealand,NZ,fyi.org.nz,,,,,,2010-01-26,2010-03-23
Red Bus Ltd,,nz/red-bus-ltd,,,,,http://www.redbus.co.nz,New Zealand,NZ,fyi.org.nz,,,,,,2012-11-10,2012-11-10
Retirement Commissioner,,nz/retirement-commissioner,,,,,http://www.retirement.org.nz,New Zealand,NZ,fyi.org.nz,,,,,,2010-01-26,2010-03-23
Riccarton Bush Trustees,,nz/riccarton-bush-trustees,,,,,http://www.riccartonhouse.co.nz,New Zealand,NZ,fyi.org.nz,,,,,,2012-11-10,2012-11-10
Radio New Zealand Limited,RNZ,nz/rnz,,,,,http://www.radionz.co.nz/,New Zealand,NZ,fyi.org.nz,,,,,,2010-01-26,2010-03-23
Road Safety Trust,,nz/road-safety-trust,,,,,http://www.roadsafety.govt.nz,New Zealand,NZ,fyi.org.nz,,,,,,2010-01-26,2010-03-23
Rodney District Council,,nz/rodney-district-council,,,,,http://www.rodney.govt.nz,New Zealand,NZ,fyi.org.nz,,,,,district_council,2010-01-26,2011-04-04
Rotorua District Council,,nz/rotorua-district-council,,,,,http://www.rdc.govt.nz/,New Zealand,NZ,fyi.org.nz,,,,,district_council,2010-01-26,2010-03-23
Ruapehu District Council,,nz/ruapehu-district-council,,,,,http://www.ruapehudc.govt.nz,New Zealand,NZ,fyi.org.nz,,,,,district_council,2010-01-26,2010-03-23
Securities Commission,,nz/securities-commission,,,,,http://www.sec-com.govt.nz/,New Zealand,NZ,fyi.org.nz,,,,,,2010-01-26,2010-03-23
Selwyn District Council,,nz/selwyn-district-council,,,,,http://www.selwyn.govt.nz/,New Zealand,NZ,fyi.org.nz,,,,,district_council,2010-01-26,2010-03-23
Selwyn Plantation Board Ltd,,nz/selwyn-plantation-board-ltd,,,,,http://www.spbl.co.nz,New Zealand,NZ,fyi.org.nz,,,,,,2012-11-10,2012-11-10
Serious Fraud Office,SFO,nz/sfo,,,,,http://sfo.govt.nz/,New Zealand,NZ,fyi.org.nz,,,,,,2010-01-26,2010-03-23
Social Workers Registration Board,,nz/social-workers-registration-board,,,,,http://www.swrb.org.nz,New Zealand,NZ,fyi.org.nz,,,,,,2010-01-26,2010-03-23
Solid Energy New Zealand Limited,,nz/solid-energy-new-zealand-limited,,,,,http://www.solidenergy.co.nz/,New Zealand,NZ,fyi.org.nz,,,,,,2010-01-26,2010-03-23
South Canterbury District Health Board,,nz/south-canterbury-district-health-board,,,,,http://www.scdhb.co.nz,New Zealand,NZ,fyi.org.nz,,,,,dhb,2010-01-26,2010-03-23
Southern Institute of Technology,,nz/southern-institute-of-technology,,,,,http://www.sit.ac.nz,New Zealand,NZ,fyi.org.nz,,,,,,2010-01-26,2010-03-23
Southland District Council,,nz/southland-district-council,,,,,http://www.southlanddc.govt.nz,New Zealand,NZ,fyi.org.nz,,,,,district_council,2010-01-26,2010-03-23
Southland District Health Board,,nz/southland-district-health-board,,,,,http://www.southlandhealth.co.nz,New Zealand,NZ,fyi.org.nz,,,,,dhb,2010-01-26,2010-03-23
Southland Fish and Game Council,,nz/southland-fish-and-game-council,,,,,http://www.fishandgame.org.nz/Site/Regions/Southland/default.aspx,New Zealand,NZ,fyi.org.nz,,,,,,2010-01-26,2010-03-23
Southland Regional Council,,nz/southland-regional-council,,,,,http://www.es.govt.nz,New Zealand,NZ,fyi.org.nz,,,,,,2010-01-26,2010-03-23
South Taranaki District Council,,nz/south-taranaki-district-council,,,,,http://www.stdc.co.nz/,New Zealand,NZ,fyi.org.nz,,,,,district_council,2010-01-26,2010-03-23
South Waikato District Council,,nz/south-waikato-district-council,,,,,http://www.swktodc.govt.nz,New Zealand,NZ,fyi.org.nz,,,,,district_council,2010-01-26,2012-04-20
South Wairarapa District Council,,nz/south-wairarapa-district-council,,,,,http://www.swdc.govt.nz/,New Zealand,NZ,fyi.org.nz,,,,,district_council,2010-01-26,2010-03-23
Sport and Recreation New Zealand,SPARC,nz/sparc,,,,,http://www.sparc.org.nz,New Zealand,NZ,fyi.org.nz,,,,,,2010-01-26,2010-03-23
State Services Commission,SSC,nz/ssc,,,,,http://www.ssc.govt.nz,New Zealand,NZ,fyi.org.nz,,,,,,2010-01-26,2010-03-23
Standards Council,,nz/standards-council,,,,,http://www.standards.co.nz/,New Zealand,NZ,fyi.org.nz,,,,,,2010-01-26,2010-03-23
Statistics New Zealand,,nz/statistics-new-zealand,,,,,http://www.stats.govt.nz,New Zealand,NZ,fyi.org.nz,,,,,,2010-01-26,2010-03-23
St Patrick's Catholic Sch (Te Awamutu),,nz/st-patricks-catholic-sch-te-awamutu,,,,,http://www.stpatta.co.nz,New Zealand,NZ,fyi.org.nz,,,,,,2012-04-28,2012-04-28
St Peter Chanel Catholic Sch (Te Rapa),,nz/st-peter-chanel-catholic-sch-te-rapa,,,,,http://www.spc.ac.nz,New Zealand,NZ,fyi.org.nz,,,,,,2012-04-28,2012-04-28
Stratford District Council,,nz/stratford-district-council,,,,,http://www.stratford.govt.nz,New Zealand,NZ,fyi.org.nz,,,,,district_council,2010-01-26,2010-03-23
Transport Accident Investigation Commission,TAIC,nz/taic,,,,,http://www.taic.org.nz,New Zealand,NZ,fyi.org.nz,,,,,,2010-01-26,2010-03-23
Tai Poutini Polytechnic,,nz/tai-poutini-polytechnic,,,,,http://www.taipoutini.ac.nz/taipoutini/,New Zealand,NZ,fyi.org.nz,,,,,,2010-01-26,2010-03-23
Tairawhiti District Health Board,,nz/tairawhiti-district-health-board,,,,,http://www.tdh.org.nz,New Zealand,NZ,fyi.org.nz,,,,,dhb,2010-01-26,2010-03-23
Tairawhiti Polytechnic,,nz/tairawhiti-polytechnic,,,,,http://www.tairawhiti.ac.nz/,New Zealand,NZ,fyi.org.nz,,,,,,2010-01-26,2010-03-23
Tai Wananga,,nz/tai-wananga,,,,,http://www.taiwananga.co.nz,New Zealand,NZ,fyi.org.nz,,,,,,2012-04-28,2012-04-28
Takeovers Panel,,nz/takeovers-panel,,,,,http://www.takeovers.govt.nz,New Zealand,NZ,fyi.org.nz,,,,,,2010-01-26,2010-03-23
Taranaki District Health Board,,nz/taranaki-district-health-board,,,,,http://www.tdhb.org.nz,New Zealand,NZ,fyi.org.nz,,,,,dhb,2010-01-26,2010-03-23
Taranaki Fish and Game Council,,nz/taranaki-fish-and-game-council,,,,,http://www.fishandgame.org.nz/Site/Regions/TaranakiWgtn/default.aspx,New Zealand,NZ,fyi.org.nz,,,,,,2010-01-26,2010-03-23
Taranaki Regional Council,,nz/taranaki-regional-council,,,,,http://www.trc.govt.nz,New Zealand,NZ,fyi.org.nz,,,,,,2010-01-26,2010-03-23
Tararua District Council,,nz/tararua-district-council,,,,,http://www.tararuadc.govt.nz,New Zealand,NZ,fyi.org.nz,,,,,district_council,2010-01-26,2010-03-23
Tasman District Council,,nz/tasman-district-council,,,,,http://www.tasman.govt.nz/,New Zealand,NZ,fyi.org.nz,,,,,district_council,2010-01-26,2010-03-23
Taupo District Council,,nz/taupo-district-council,,,,,http://www.taupo.govt.nz/,New Zealand,NZ,fyi.org.nz,,,,,district_council,2010-01-26,2010-03-23
Tauranga City Council,,nz/tauranga-city-council,,,,,http://www.tauranga.govt.nz/,New Zealand,NZ,fyi.org.nz,,,,,city_council,2010-01-26,2010-03-23
Tertiary Education Commission,TEC,nz/tec,,,,,http://www.tec.govt.nz,New Zealand,NZ,fyi.org.nz,,,,,,2010-01-26,2010-03-23
Te KKM o Puau Te Moananui-a-Kiwa,,nz/te-kkm-o-puau-te-moananui-a-kiwa,,,,,,New Zealand,NZ,fyi.org.nz,,,,,,2012-04-28,2012-04-28
Te Kura Akonga O Manurewa,,nz/te-kura-akonga-o-manurewa,,,,,http://www.xtra.co.nz,New Zealand,NZ,fyi.org.nz,,,,,,2012-04-28,2012-04-28
Te Kura Mana Maori Maraenui,,nz/te-kura-mana-maori-maraenui,,,,,http://www.kura.org.nz,New Zealand,NZ,fyi.org.nz,,,,,,2012-04-28,2012-04-28
Te Kura Mana Maori o Whangaparaoa,,nz/te-kura-mana-maori-o-whangaparaoa,,,,,http://www.xtra.co.nz,New Zealand,NZ,fyi.org.nz,,,,,,2012-04-28,2012-04-28
Te Kura o Hata Maria (Pawarenga),,nz/te-kura-o-hata-maria-pawarenga,,,,,http://www.xtra.co.nz,New Zealand,NZ,fyi.org.nz,,,,,,2012-04-28,2012-04-28
Te Kura o Hato Hohepa Te Kamura,,nz/te-kura-o-hato-hohepa-te-kamura,,,,,http://www.xtra.co.nz,New Zealand,NZ,fyi.org.nz,,,,,,2012-04-28,2012-04-28
Te Kura o Hirangi,,nz/te-kura-o-hirangi,,,,,http://www.reap.org.nz,New Zealand,NZ,fyi.org.nz,,,,,,2012-04-28,2012-04-28
Te Kura o Nga Iwi e Toru ki Taumarunui,,nz/te-kura-o-nga-iwi-e-toru-ki-taumarunui,,,,,http://www.xtra.co.nz,New Zealand,NZ,fyi.org.nz,,,,,,2012-04-28,2012-04-28
Te Kura o Nga Ruahine Rangi,,nz/te-kura-o-nga-ruahine-rangi,,,,,http://www.xtra.co.nz,New Zealand,NZ,fyi.org.nz,,,,,,2012-04-28,2012-04-28
Te Kura o Ratana,,nz/te-kura-o-ratana,,,,,http://www.xtra.co.nz,New Zealand,NZ,fyi.org.nz,,,,,,2012-04-28,2012-04-28
Te Kura o Tahaaroa,,nz/te-kura-o-tahaaroa,,,,,http://www.xtra.co.nz,New Zealand,NZ,fyi.org.nz,,,,,,2012-04-28,2012-04-28
Te Kura o Te Moutere O Matakana,,nz/te-kura-o-te-moutere-o-matakana,,,,,,New Zealand,NZ,fyi.org.nz,,,,,,2012-04-28,2012-04-28
Te Kura o Waikare,,nz/te-kura-o-waikare,,,,,http://www.xtra.co.nz,New Zealand,NZ,fyi.org.nz,,,,,,2012-04-28,2012-04-28
Te Kura o Waitahanui,,nz/te-kura-o-waitahanui,,,,,,New Zealand,NZ,fyi.org.nz,,,,,,2012-04-28,2012-04-28
Te Kura Toitu o Te Whaiti-nui-a-Toi,,nz/te-kura-toitu-o-te-whaiti-nui-a-toi,,,,,http://www.tuhoe.com,New Zealand,NZ,fyi.org.nz,,,,,,2012-04-28,2012-04-28
Telford Rural Polytechnic,,nz/telford-rural-polytechnic,,,,,http://www.telford.ac.nz/,New Zealand,NZ,fyi.org.nz,,,,,,2010-01-26,2010-03-23
Testing Laboratory Registration Council,,nz/testing-laboratory-registration-council,,,,,http://www.telarcsai.co.nz/,New Zealand,NZ,fyi.org.nz,,,,,,2010-01-26,2010-03-23
Te Taura Whiri i Te Reo Māori (Māori Language Commission),,nz/te-taura-whiri-i-te-reo-mori-mori-language-commission,,,,,http://www.tetaurawhiri.govt.nz,New Zealand,NZ,fyi.org.nz,,,,,,2010-01-26,2010-03-23
Te Whakatipuranga (Otumoetai TPU),,nz/te-whakatipuranga-otumoetai-tpu,,,,,http://www.boppoly.ac.nz,New Zealand,NZ,fyi.org.nz,,,,,,2012-04-28,2012-04-28
Te Wharekura o Arowhenua,,nz/te-wharekura-o-arowhenua,,,,,http://www.wharekura.ac.nz,New Zealand,NZ,fyi.org.nz,,,,,,2012-04-28,2012-04-28
Te Wharekura o Maniapoto,,nz/te-wharekura-o-maniapoto,,,,,http://www.xtra.co.nz,New Zealand,NZ,fyi.org.nz,,,,,,2012-04-28,2012-04-28
Te Wharekura o Manurewa,,nz/te-wharekura-o-manurewa,,,,,http://www.xtra.co.nz,New Zealand,NZ,fyi.org.nz,,,,,,2012-04-28,2012-04-28
Te Wharekura o Te Rau Aroha,,nz/te-wharekura-o-te-rau-aroha,,,,,http://www.xtra.co.nz,New Zealand,NZ,fyi.org.nz,,,,,,2012-04-28,2012-04-28
Te Whare Whai Hua Teenage Parent Centre,,nz/te-whare-whai-hua-teenage-parent-centre,,,,,http://www.lyttonhigh.net,New Zealand,NZ,fyi.org.nz,,,,,,2012-04-28,2012-04-28
Te Whare Wānanga o Awanuiārangi,,nz/te-whare-wnanga-o-awanuirangi,,,,,http://www.wananga.ac.nz,New Zealand,NZ,fyi.org.nz,,,,,,2010-01-26,2010-03-23
Te Whata Tau o Putauaki,,nz/te-whata-tau-o-putauaki,,,,,,New Zealand,NZ,fyi.org.nz,,,,,,2012-04-28,2012-04-28
Te Wānanga o Aotearoa,,nz/te-wnanga-o-aotearoa,,,,,http://www.twoa.ac.nz/,New Zealand,NZ,fyi.org.nz,,,,,,2010-01-26,2010-03-23
Te Wānanga o Raukawa,,nz/te-wnanga-o-raukawa,,,,,http://www.twor.ac.nz,New Zealand,NZ,fyi.org.nz,,,,,,2010-01-26,2010-03-23
Thames-Coromandel District Council,,nz/thames-coromandel-district-council,,,,,http://www.tcdc.govt.nz,New Zealand,NZ,fyi.org.nz,,,,,district_council,2010-01-26,2010-03-23
The Bridge Academy,,nz/the-bridge-academy,,,,,http://www.thebridgeacademy.co.nz,New Zealand,NZ,fyi.org.nz,,,,,,2012-04-28,2012-04-28
The New Zealand Institute for Plant and Food Research Limited,,nz/the-new-zealand-institute-for-plant-and-food-research-limited,,,,,http://www.plantandfood.com/,New Zealand,NZ,fyi.org.nz,,,,,,2010-01-26,2010-03-23
The Treasury,,nz/the-treasury,,,,,http://www.treasury.govt.nz,New Zealand,NZ,fyi.org.nz,,,,,popular_agency,2010-01-26,2013-04-20
Timaru District Council,,nz/timaru-district-council,,,,,http://www.timaru.govt.nz,New Zealand,NZ,fyi.org.nz,,,,,district_council,2010-01-26,2010-03-23
Timberlands West Coast Limited,,nz/timberlands-west-coast-limited,,,,,http://www.timberlands.co.nz/,New Zealand,NZ,fyi.org.nz,,,,,,2010-01-26,2010-03-23
TKKM o Harataunga,,nz/tkkm-o-harataunga,,,,,,New Zealand,NZ,fyi.org.nz,,,,,,2012-04-28,2012-04-28
TKKM o Hurungaterangi,,nz/tkkm-o-hurungaterangi,,,,,http://www.xtra.co.nz,New Zealand,NZ,fyi.org.nz,,,,,,2012-04-28,2012-04-28
TKKM o Kaikohe,,nz/tkkm-o-kaikohe,,,,,http://www.kurakaikohe.co.nz,New Zealand,NZ,fyi.org.nz,,,,,,2012-04-28,2012-04-28
TKKM o Kawakawa mai Tawhiti,,nz/tkkm-o-kawakawa-mai-tawhiti,,,,,http://www.xtra.co.nz,New Zealand,NZ,fyi.org.nz,,,,,,2012-04-28,2012-04-28
TKKM o Manawatu,,nz/tkkm-o-manawatu,,,,,,New Zealand,NZ,fyi.org.nz,,,,,,2012-04-28,2012-04-28
TKKM o Mangere,,nz/tkkm-o-mangere,,,,,,New Zealand,NZ,fyi.org.nz,,,,,,2012-04-28,2012-04-28
TKKM o Nga Maungarongo,,nz/tkkm-o-nga-maungarongo,,,,,http://www.xtra.co.nz,New Zealand,NZ,fyi.org.nz,,,,,,2012-04-28,2012-04-28
TKKM o Ngaringaomatariki,,nz/tkkm-o-ngaringaomatariki,,,,,http://www.bigfrog.co.nz,New Zealand,NZ,fyi.org.nz,,,,,,2012-04-28,2012-04-28
TKKM o Ngati Kahungunu Ki Heretaunga,,nz/tkkm-o-ngati-kahungunu-ki-heretaunga,,,,,http://www.xtra.co.nz,New Zealand,NZ,fyi.org.nz,,,,,,2012-04-28,2012-04-28
TKKM o Ngati Ruanui,,nz/tkkm-o-ngati-ruanui,,,,,http://www.xtra.co.nz,New Zealand,NZ,fyi.org.nz,,,,,,2012-04-28,2012-04-28
TKKM o Tapere-Nui-A-Whatonga,,nz/tkkm-o-tapere-nui-a-whatonga,,,,,http://www.clear.net.nz,New Zealand,NZ,fyi.org.nz,,,,,,2012-04-28,2012-04-28
TKKM o Te Ara Hou,,nz/tkkm-o-te-ara-hou,,,,,,New Zealand,NZ,fyi.org.nz,,,,,,2012-04-28,2012-04-28
TKKM o Te Ara Rima,,nz/tkkm-o-te-ara-rima,,,,,,New Zealand,NZ,fyi.org.nz,,,,,,2012-04-28,2012-04-28
TKKM o Te Hiringa,,nz/tkkm-o-te-hiringa,,,,,,New Zealand,NZ,fyi.org.nz,,,,,,2012-04-28,2012-04-28
TKKM o Te Kotuku,,nz/tkkm-o-te-kotuku,,,,,,New Zealand,NZ,fyi.org.nz,,,,,,2012-04-28,2012-04-28
TKKM o Te Koutu,,nz/tkkm-o-te-koutu,,,,,http://www.tekoutu.com/,New Zealand,NZ,fyi.org.nz,,,,,,2012-04-28,2012-04-28
TKKM o Te Kura Kokiri,,nz/tkkm-o-te-kura-kokiri,,,,,http://wwwkurakokiri.maori.nz,New Zealand,NZ,fyi.org.nz,,,,,,2012-04-28,2012-04-28
TKKM o Te Rawhiti Roa,,nz/tkkm-o-te-rawhiti-roa,,,,,,New Zealand,NZ,fyi.org.nz,,,,,,2012-04-28,2012-04-28
TKKM o Te Rito,,nz/tkkm-o-te-rito,,,,,,New Zealand,NZ,fyi.org.nz,,,,,,2012-04-28,2012-04-28
TKKM o Te Tonga o Hokianga,,nz/tkkm-o-te-tonga-o-hokianga,,,,,http://www.kurahokianga.co.nz,New Zealand,NZ,fyi.org.nz,,,,,,2012-04-28,2012-04-28
TKKM o Te Waiu o Ngati Porou,,nz/tkkm-o-te-waiu-o-ngati-porou,,,,,http://www.xtra.co.nz,New Zealand,NZ,fyi.org.nz,,,,,,2012-04-28,2012-04-28
TKKM o Tupoho,,nz/tkkm-o-tupoho,,,,,http://www.xtra.co.nz,New Zealand,NZ,fyi.org.nz,,,,,,2012-04-28,2012-04-28
TKKM o Waioweka,,nz/tkkm-o-waioweka,,,,,http://www.ihug.co.nz,New Zealand,NZ,fyi.org.nz,,,,,,2012-04-28,2012-04-28
TKKM o Wairarapa,,nz/tkkm-o-wairarapa,,,,,,New Zealand,NZ,fyi.org.nz,,,,,,2012-04-28,2012-04-28
TKKM o Waitaha,,nz/tkkm-o-waitaha,,,,,http://www.whakapumau.ac.nz,New Zealand,NZ,fyi.org.nz,,,,,,2012-04-28,2012-04-28
TKKM o Waiuku,,nz/tkkm-o-waiuku,,,,,http://www.ps.gen.nz,New Zealand,NZ,fyi.org.nz,,,,,,2012-04-28,2012-04-28
TKKM o Whakawatea,,nz/tkkm-o-whakawatea,,,,,http://www.xtra.co.nz,New Zealand,NZ,fyi.org.nz,,,,,,2012-04-28,2012-04-28
TKKM o Whangaroa,,nz/tkkm-o-whangaroa,,,,,http://www.whangaroakkm.co.nz,New Zealand,NZ,fyi.org.nz,,,,,,2012-04-28,2012-04-28
TKK o Te Wananga Whare Tapere o Takitimu,,nz/tkk-o-te-wananga-whare-tapere-o-takitimu,,,,,http://www.xtra.co.nz,New Zealand,NZ,fyi.org.nz,,,,,,2012-04-28,2012-04-28
Te Reo Whakapuaki Irirangi (Maori Broadcasting Funding Agency),TMP,nz/tmp,,,,,http://www.tmp.govt.nz/,New Zealand,NZ,fyi.org.nz,,,,,,2010-01-26,2010-03-23
Open Polytechnic of New Zealand,TOPNZ,nz/topnz,,,,,http://www.openpolytechnic.ac.nz,New Zealand,NZ,fyi.org.nz,,,,,,2010-01-26,2010-03-23
Ministry of Māori Development,TPK,nz/tpk,,,,,http://www.tpk.govt.nz,New Zealand,NZ,fyi.org.nz,,,,,ministry,2010-01-26,2010-03-23
Transpower New Zealand Limited,,nz/transpower-new-zealand-limited,,,,,http://www.transpower.co.nz/,New Zealand,NZ,fyi.org.nz,,,,,,2010-01-26,2010-03-23
Transwaste Canterbury Ltd,,nz/transwaste-canterbury-ltd,,,,,http://www.cws.co.nz,New Zealand,NZ,fyi.org.nz,,,,,,2012-11-10,2012-11-10
Tuam Ltd,,nz/tuam-ltd,,,,,http://www.ccc.govt.nz,New Zealand,NZ,fyi.org.nz,,,,,,2012-11-10,2012-11-10
Television New Zealand Limited,TVNZ,nz/tvnz,,,,,http://www.tvnz.co.nz/,New Zealand,NZ,fyi.org.nz,,,,,,2010-01-26,2012-04-03
Unitec Institute of Technology,,nz/unitec-institute-of-technology,,,,,http://www.unitec.ac.nz,New Zealand,NZ,fyi.org.nz,,,,,,2010-01-26,2010-03-23
University of Auckland,,nz/university-of-auckland,,,,,http://www.auckland.ac.nz,New Zealand,NZ,fyi.org.nz,,,,,university,2010-01-26,2010-03-23
University of Canterbury,,nz/university-of-canterbury,,,,,http://www.canterbury.ac.nz,New Zealand,NZ,fyi.org.nz,,,,,university,2010-01-26,2012-03-29
University of Otago,,nz/university-of-otago,,,,,http://www.otago.ac.nz,New Zealand,NZ,fyi.org.nz,,,,,university,2010-01-26,2012-07-20
University of Waikato,,nz/university-of-waikato,,,,,http://www.waikato.ac.nz/,New Zealand,NZ,fyi.org.nz,,,,,university,2010-01-26,2010-03-23
Upper Hutt City Council,,nz/upper-hutt-city-council,,,,,http://www.upperhuttcity.com,New Zealand,NZ,fyi.org.nz,,,,,city_council,2010-01-26,2010-03-23
V Base Ltd,,nz/v-base-ltd,,,,,http://www.ccc.govt.nz,New Zealand,NZ,fyi.org.nz,,,,,,2012-11-10,2012-11-10
New Zealand Venture Investment Fund Limited,VIF,nz/vif,,,,,http://www.nzvif.com/,New Zealand,NZ,fyi.org.nz,,,,,,2010-01-26,2010-03-23
Victoria University of Wellington,VUW,nz/vuw,,,,,http://www.vuw.ac.nz/,New Zealand,NZ,fyi.org.nz,,,,,university,2010-01-26,2010-03-23
Waiariki Institute of Technology,,nz/waiariki-institute-of-technology,,,,,http://www.waiariki.ac.nz,New Zealand,NZ,fyi.org.nz,,,,,,2010-01-26,2010-03-23
Waikato District Council,,nz/waikato-district-council,,,,,http://www.waikatodistrict.govt.nz,New Zealand,NZ,fyi.org.nz,,,,,district_council,2010-01-26,2010-03-23
Waikato District Health Board,,nz/waikato-district-health-board,,,,,http://www.waikatodhb.govt.nz/,New Zealand,NZ,fyi.org.nz,,,,,dhb,2010-01-26,2010-03-23
Waikato Institute of Technology,,nz/waikato-institute-of-technology,,,,,http://www.wintec.ac.nz,New Zealand,NZ,fyi.org.nz,,,,,,2010-01-26,2010-03-23
Waikato Regional Council,,nz/waikato-regional-council,,,,,http://www.ew.govt.nz,New Zealand,NZ,fyi.org.nz,,,,,,2010-01-26,2010-03-23
Waimakariri District Council,,nz/waimakariri-district-council,,,,,http://www.waimakariri.govt.nz,New Zealand,NZ,fyi.org.nz,,,,,district_council,2010-01-26,2010-03-23
Waimate District Council,,nz/waimate-district-council,,,,,http://www.waimatedc.govt.nz,New Zealand,NZ,fyi.org.nz,,,,,district_council,2010-01-26,2010-03-23
Waipa District Council,,nz/waipa-district-council,,,,,http://www.waipadc.govt.nz,New Zealand,NZ,fyi.org.nz,,,,,district_council,2010-01-26,2010-03-23
Wairarapa District Health Board,,nz/wairarapa-district-health-board,,,,,http://www.wairarapa.dhb.org.nz,New Zealand,NZ,fyi.org.nz,,,,,dhb,2010-01-26,2010-03-23
Wairoa District Council,,nz/wairoa-district-council,,,,,http://www.wairoadc.govt.nz/,New Zealand,NZ,fyi.org.nz,,,,,district_council,2010-01-26,2010-03-23
Waitakere City Council,,nz/waitakere-city-council,,,,,http://www.waitakere.govt.nz/,New Zealand,NZ,fyi.org.nz,,,,,city_council,2010-01-26,2011-04-04
Waitaki District Council,,nz/waitaki-district-council,,,,,http://www.waitaki.govt.nz,New Zealand,NZ,fyi.org.nz,,,,,district_council,2010-01-26,2010-03-23
Waitemata District Health Board,,nz/waitemata-district-health-board,,,,,http://www.waitematadhb.govt.nz,New Zealand,NZ,fyi.org.nz,,,,,dhb,2010-01-26,2010-03-23
Waitomo District Council,,nz/waitomo-district-council,,,,,http://www.waitomo.govt.nz/,New Zealand,NZ,fyi.org.nz,,,,,district_council,2010-01-26,2010-03-23
Wanganui District Council,,nz/wanganui-district-council,,,,,http://www.wanganui.govt.nz/,New Zealand,NZ,fyi.org.nz,,,,,district_council,2010-01-26,2010-03-23
Wellington City Council,,nz/wellington-city-council,,,,,http://www.Wellington.govt.nz/,New Zealand,NZ,fyi.org.nz,,,,,city_council,2010-01-26,2013-04-29
Wellington Fish and Game Council,,nz/wellington-fish-and-game-council,,,,,http://www.fishandgame.org.nz/Site/Regions/Wellington/default.aspx,New Zealand,NZ,fyi.org.nz,,,,,,2010-01-26,2010-03-23
Wellington Institute of Technology,,nz/wellington-institute-of-technology,,,,,http://www.weltec.ac.nz,New Zealand,NZ,fyi.org.nz,,,,,,2010-01-26,2010-03-23
Wellington Regional Council,,nz/wellington-regional-council,,,,,http://www.gw.govt.nz,New Zealand,NZ,fyi.org.nz,,,,,,2010-01-26,2010-03-23
West Coast District Health Board,,nz/west-coast-district-health-board,,,,,http://www.westcoastdhb.org.nz/,New Zealand,NZ,fyi.org.nz,,,,,dhb,2010-01-26,2010-03-23
West Coast Fish and Game Council,,nz/west-coast-fish-and-game-council,,,,,http://www.fishandgame.org.nz/Site/Regions/WestCoast/default.aspx,New Zealand,NZ,fyi.org.nz,,,,,,2010-01-26,2010-03-23
West Coast Regional Council,,nz/west-coast-regional-council,,,,,http://www.wcrc.govt.nz,New Zealand,NZ,fyi.org.nz,,,,,,2010-01-26,2010-03-23
Western Bay of Plenty District Council,,nz/western-bay-of-plenty-district-council,,,,,http://www.wbopdc.govt.nz,New Zealand,NZ,fyi.org.nz,,,,,district_council,2010-01-26,2010-03-23
Western Institute of Technology at Taranaki,,nz/western-institute-of-technology-at-taranaki,,,,,http://www.witt.ac.nz,New Zealand,NZ,fyi.org.nz,,,,,,2010-01-26,2010-03-23
Westland District Council,,nz/westland-district-council,,,,,http://www.westlanddc.govt.nz,New Zealand,NZ,fyi.org.nz,,,,,district_council,2010-01-26,2010-03-23
Whakatane District Council,,nz/whakatane-district-council,,,,,http://www.whakatane.govt.nz/,New Zealand,NZ,fyi.org.nz,,,,,district_council,2010-01-26,2010-03-23
Whakatipuria Teen Parent Unit,,nz/whakatipuria-teen-parent-unit,,,,,http://www.freyberg.ac.nz,New Zealand,NZ,fyi.org.nz,,,,,,2012-04-28,2012-04-28
Whanganui District Health Board,,nz/whanganui-district-health-board,,,,,http://www.wdhb.org.nz,New Zealand,NZ,fyi.org.nz,,,,,dhb,2010-01-26,2010-03-23
Whangarei District Council,,nz/whangarei-district-council,,,,,http://www.wdc.govt.nz,New Zealand,NZ,fyi.org.nz,,,,,district_council,2010-01-26,2010-03-23
Whitireia Community Polytechnic,,nz/whitireia-community-polytechnic,,,,,http://www.whitireia.ac.nz,New Zealand,NZ,fyi.org.nz,,,,,,2010-01-26,2010-03-23
World Buskers Festival Trust,,nz/world-buskers-festival-trust,,,,,http://www.worldbuskersfestival.com,New Zealand,NZ,fyi.org.nz,,,,,,2012-11-10,2012-11-10
